[2025-01-24 15:26:46] local.INFO: Update Permission Request Data: {"permission_id":"2","user_id":"568","doctor_id":"134","is_checked":true} 
[2025-01-24 15:29:00] local.INFO: Update Permission Request Data: {"permission_id":"2","user_id":"568","doctor_id":"134","is_checked":true} 
[2025-01-24 15:29:00] local.INFO: Inserting permission ID: 2 for user ID: 568 and doctor ID: 134  
[2025-01-24 15:29:00] local.INFO: Permission successfully inserted.  
[2025-01-24 15:29:09] local.INFO: Update Permission Request Data: {"permission_id":"2","user_id":"568","doctor_id":"134","is_checked":false} 
[2025-01-24 15:29:09] local.INFO: Deleting permission ID: 2 for user ID: 568 and doctor ID: 134  
[2025-01-24 15:29:09] local.INFO: Permission successfully deleted.  
[2025-01-24 15:33:55] local.INFO: Update Permission Request Data: {"permission_id":"2","user_id":"568","doctor_id":"134","is_checked":true} 
[2025-01-24 15:33:55] local.INFO: Inserting permission ID: 2 for user ID: 568 and doctor ID: 134  
[2025-01-24 15:33:55] local.INFO: Permission successfully inserted.  
[2025-01-24 15:34:01] local.INFO: Update Permission Request Data: {"permission_id":"2","user_id":"568","doctor_id":"134","is_checked":false} 
[2025-01-24 15:34:01] local.INFO: Deleting permission ID: 2 for user ID: 568 and doctor ID: 134  
[2025-01-24 15:34:01] local.INFO: Permission successfully deleted.  
[2025-01-24 15:40:25] local.INFO: Update Permission Request Data: {"permission_id":"2","user_id":"568","doctor_id":"134","is_checked":true} 
[2025-01-24 15:40:25] local.INFO: Inserting permission ID: 2 for user ID: 568 and doctor ID: 134  
[2025-01-24 15:40:25] local.INFO: Permission successfully inserted.  
[2025-01-24 15:40:32] local.INFO: Update Permission Request Data: {"permission_id":"2","user_id":"568","doctor_id":"134","is_checked":false} 
[2025-01-24 15:40:32] local.INFO: Deleting permission ID: 2 for user ID: 568 and doctor ID: 134  
[2025-01-24 15:40:32] local.INFO: Permission successfully deleted.  
[2025-01-24 15:47:11] local.INFO: Checking permission in context {"user_id":571,"permission_name":"patients.index","doctor_id":134} 
[2025-01-24 15:47:11] local.INFO: Applying doctor filter for secretary role {"doctor_id":134} 
[2025-01-24 15:47:11] local.INFO: Applying user filter for secretary role {"user_id":571} 
[2025-01-24 15:47:11] local.INFO: Permission check result for secretary {"user_id":571,"permission_name":"patients.index","doctor_id":134,"exists":false} 
[2025-01-24 15:47:45] local.INFO: Checking permission in context {"user_id":571,"permission_name":"patterns.index","doctor_id":134} 
[2025-01-24 15:47:45] local.INFO: Applying doctor filter for secretary role {"doctor_id":134} 
[2025-01-24 15:47:45] local.INFO: Applying user filter for secretary role {"user_id":571} 
[2025-01-24 15:47:45] local.INFO: Permission check result for secretary {"user_id":571,"permission_name":"patterns.index","doctor_id":134,"exists":false} 
[2025-01-24 15:47:49] local.INFO: Checking permission in context {"user_id":571,"permission_name":"experiences.index","doctor_id":134} 
[2025-01-24 15:47:49] local.INFO: Applying doctor filter for secretary role {"doctor_id":134} 
[2025-01-24 15:47:49] local.INFO: Applying user filter for secretary role {"user_id":571} 
[2025-01-24 15:47:49] local.INFO: Permission check result for secretary {"user_id":571,"permission_name":"experiences.index","doctor_id":134,"exists":false} 
[2025-01-24 15:47:50] local.INFO: Availability days retrieved {"availability_days":["Lundi","Mardi","Mercredi","Jeudi","Vendredi","Samedi"]} 
[2025-01-24 15:47:50] local.INFO: Vacations retrieved {"vacations":{"Illuminate\\Support\\Collection":[]}} 
[2025-01-24 15:47:50] local.INFO: Patients retrieved {"patients_count":1} 
[2025-01-24 15:47:50] local.INFO: Checking permission in context {"user_id":571,"permission_name":"appointment-event.index","doctor_id":134} 
[2025-01-24 15:47:50] local.INFO: Applying doctor filter for secretary role {"doctor_id":134} 
[2025-01-24 15:47:50] local.INFO: Applying user filter for secretary role {"user_id":571} 
[2025-01-24 15:47:50] local.INFO: Permission check result for secretary {"user_id":571,"permission_name":"appointment-event.index","doctor_id":134,"exists":false} 
[2025-01-24 15:47:50] local.INFO: Checking permission in context {"user_id":571,"permission_name":"updateStatus","doctor_id":134} 
[2025-01-24 15:47:50] local.INFO: Applying doctor filter for secretary role {"doctor_id":134} 
[2025-01-24 15:47:50] local.INFO: Applying user filter for secretary role {"user_id":571} 
[2025-01-24 15:47:50] local.INFO: Permission check result for secretary {"user_id":571,"permission_name":"updateStatus","doctor_id":134,"exists":false} 
[2025-01-24 16:20:19] local.INFO: Checking permission in context {"user_id":121,"permission_name":"patterns.index","doctor_id":134} 
[2025-01-24 16:20:19] local.INFO: Permission granted for doctor role {"user_id":121,"doctor_id":134} 
[2025-01-24 16:20:19] local.INFO: Checking permission in context {"user_id":121,"permission_name":"patterns.create","doctor_id":134} 
[2025-01-24 16:20:19] local.INFO: Permission granted for doctor role {"user_id":121,"doctor_id":134} 
[2025-01-24 16:20:19] local.ERROR: compact(): Undefined variable $dataTable (View: /home/support-03/Dev/wic-doctor/resources/views/profile_management/permissions/index.blade.php) {"userId":121,"exception":"[object] (Illuminate\\View\\ViewException(code: 0): compact(): Undefined variable $dataTable (View: /home/support-03/Dev/wic-doctor/resources/views/profile_management/permissions/index.blade.php) at /home/support-03/Dev/wic-doctor/storage/framework/views/0660a23cffdb75dc94acea3f584a6a02.php:55)
[stacktrace]
#0 /home/support-03/Dev/wic-doctor/vendor/laravel/framework/src/Illuminate/View/Engines/PhpEngine.php(60): Illuminate\\View\\Engines\\CompilerEngine->handleViewException()
#1 /home/support-03/Dev/wic-doctor/vendor/laravel/framework/src/Illuminate/View/Engines/CompilerEngine.php(72): Illuminate\\View\\Engines\\PhpEngine->evaluatePath()
#2 /home/support-03/Dev/wic-doctor/vendor/laravel/framework/src/Illuminate/View/View.php(207): Illuminate\\View\\Engines\\CompilerEngine->get()
#3 /home/support-03/Dev/wic-doctor/vendor/laravel/framework/src/Illuminate/View/View.php(190): Illuminate\\View\\View->getContents()
#4 /home/support-03/Dev/wic-doctor/vendor/laravel/framework/src/Illuminate/View/View.php(159): Illuminate\\View\\View->renderContents()
#5 /home/support-03/Dev/wic-doctor/vendor/laravel/framework/src/Illuminate/Http/Response.php(69): Illuminate\\View\\View->render()
#6 /home/support-03/Dev/wic-doctor/vendor/laravel/framework/src/Illuminate/Http/Response.php(35): Illuminate\\Http\\Response->setContent()
#7 /home/support-03/Dev/wic-doctor/vendor/laravel/framework/src/Illuminate/Routing/Router.php(918): Illuminate\\Http\\Response->__construct()
#8 /home/support-03/Dev/wic-doctor/vendor/laravel/framework/src/Illuminate/Routing/Router.php(885): Illuminate\\Routing\\Router::toResponse()
#9 /home/support-03/Dev/wic-doctor/vendor/laravel/framework/src/Illuminate/Routing/Router.php(805): Illuminate\\Routing\\Router->prepareResponse()
#10 /home/support-03/Dev/wic-doctor/vendor/laravel/framework/src/Illuminate/Pipeline/Pipeline.php(144): Illuminate\\Routing\\Router->Illuminate\\Routing\\{closure}()
#11 /home/support-03/Dev/wic-doctor/app/Http/Middleware/RestrictIp.php(32): Illuminate\\Pipeline\\Pipeline->Illuminate\\Pipeline\\{closure}()
#12 /home/support-03/Dev/wic-doctor/vendor/laravel/framework/src/Illuminate/Pipeline/Pipeline.php(183): App\\Http\\Middleware\\RestrictIp->handle()
#13 /home/support-03/Dev/wic-doctor/app/Http/Middleware/Permissions.php(50): Illuminate\\Pipeline\\Pipeline->Illuminate\\Pipeline\\{closure}()
#14 /home/support-03/Dev/wic-doctor/vendor/laravel/framework/src/Illuminate/Pipeline/Pipeline.php(183): App\\Http\\Middleware\\Permissions->handle()
#15 /home/support-03/Dev/wic-doctor/app/Http/Middleware/Locale.php(42): Illuminate\\Pipeline\\Pipeline->Illuminate\\Pipeline\\{closure}()
#16 /home/support-03/Dev/wic-doctor/vendor/laravel/framework/src/Illuminate/Pipeline/Pipeline.php(183): App\\Http\\Middleware\\Locale->handle()
#17 /home/support-03/Dev/wic-doctor/app/Http/Middleware/App.php(51): Illuminate\\Pipeline\\Pipeline->Illuminate\\Pipeline\\{closure}()
#18 /home/support-03/Dev/wic-doctor/vendor/laravel/framework/src/Illuminate/Pipeline/Pipeline.php(183): App\\Http\\Middleware\\App->handle()
#19 /home/support-03/Dev/wic-doctor/vendor/anlutro/l4-settings/src/SaveMiddleware.php(50): Illuminate\\Pipeline\\Pipeline->Illuminate\\Pipeline\\{closure}()
#20 /home/support-03/Dev/wic-doctor/vendor/laravel/framework/src/Illuminate/Pipeline/Pipeline.php(183): anlutro\\LaravelSettings\\SaveMiddleware->handle()
#21 /home/support-03/Dev/wic-doctor/vendor/laravel/framework/src/Illuminate/Routing/Middleware/SubstituteBindings.php(50): Illuminate\\Pipeline\\Pipeline->Illuminate\\Pipeline\\{closure}()
#22 /home/support-03/Dev/wic-doctor/vendor/laravel/framework/src/Illuminate/Pipeline/Pipeline.php(183): Illuminate\\Routing\\Middleware\\SubstituteBindings->handle()
#23 /home/support-03/Dev/wic-doctor/vendor/laravel/framework/src/Illuminate/Foundation/Http/Middleware/VerifyCsrfToken.php(78): Illuminate\\Pipeline\\Pipeline->Illuminate\\Pipeline\\{closure}()
#24 /home/support-03/Dev/wic-doctor/vendor/laravel/framework/src/Illuminate/Pipeline/Pipeline.php(183): Illuminate\\Foundation\\Http\\Middleware\\VerifyCsrfToken->handle()
#25 /home/support-03/Dev/wic-doctor/vendor/laravel/framework/src/Illuminate/Session/Middleware/AuthenticateSession.php(60): Illuminate\\Pipeline\\Pipeline->Illuminate\\Pipeline\\{closure}()
#26 /home/support-03/Dev/wic-doctor/vendor/laravel/framework/src/Illuminate/Pipeline/Pipeline.php(183): Illuminate\\Session\\Middleware\\AuthenticateSession->handle()
#27 /home/support-03/Dev/wic-doctor/vendor/laravel/framework/src/Illuminate/View/Middleware/ShareErrorsFromSession.php(49): Illuminate\\Pipeline\\Pipeline->Illuminate\\Pipeline\\{closure}()
#28 /home/support-03/Dev/wic-doctor/vendor/laravel/framework/src/Illuminate/Pipeline/Pipeline.php(183): Illuminate\\View\\Middleware\\ShareErrorsFromSession->handle()
#29 /home/support-03/Dev/wic-doctor/vendor/laravel/framework/src/Illuminate/Session/Middleware/StartSession.php(121): Illuminate\\Pipeline\\Pipeline->Illuminate\\Pipeline\\{closure}()
#30 /home/support-03/Dev/wic-doctor/vendor/laravel/framework/src/Illuminate/Session/Middleware/StartSession.php(64): Illuminate\\Session\\Middleware\\StartSession->handleStatefulRequest()
#31 /home/support-03/Dev/wic-doctor/vendor/laravel/framework/src/Illuminate/Pipeline/Pipeline.php(183): Illuminate\\Session\\Middleware\\StartSession->handle()
#32 /home/support-03/Dev/wic-doctor/app/Http/Middleware/Installed.php(37): Illuminate\\Pipeline\\Pipeline->Illuminate\\Pipeline\\{closure}()
#33 /home/support-03/Dev/wic-doctor/vendor/laravel/framework/src/Illuminate/Pipeline/Pipeline.php(183): App\\Http\\Middleware\\Installed->handle()
#34 /home/support-03/Dev/wic-doctor/vendor/laravel/framework/src/Illuminate/Cookie/Middleware/AddQueuedCookiesToResponse.php(37): Illuminate\\Pipeline\\Pipeline->Illuminate\\Pipeline\\{closure}()
#35 /home/support-03/Dev/wic-doctor/vendor/laravel/framework/src/Illuminate/Pipeline/Pipeline.php(183): Illuminate\\Cookie\\Middleware\\AddQueuedCookiesToResponse->handle()
#36 /home/support-03/Dev/wic-doctor/vendor/laravel/framework/src/Illuminate/Cookie/Middleware/EncryptCookies.php(67): Illuminate\\Pipeline\\Pipeline->Illuminate\\Pipeline\\{closure}()
#37 /home/support-03/Dev/wic-doctor/vendor/laravel/framework/src/Illuminate/Pipeline/Pipeline.php(183): Illuminate\\Cookie\\Middleware\\EncryptCookies->handle()
#38 /home/support-03/Dev/wic-doctor/vendor/laravel/framework/src/Illuminate/Pipeline/Pipeline.php(119): Illuminate\\Pipeline\\Pipeline->Illuminate\\Pipeline\\{closure}()
#39 /home/support-03/Dev/wic-doctor/vendor/laravel/framework/src/Illuminate/Routing/Router.php(805): Illuminate\\Pipeline\\Pipeline->then()
#40 /home/support-03/Dev/wic-doctor/vendor/laravel/framework/src/Illuminate/Routing/Router.php(784): Illuminate\\Routing\\Router->runRouteWithinStack()
#41 /home/support-03/Dev/wic-doctor/vendor/laravel/framework/src/Illuminate/Routing/Router.php(748): Illuminate\\Routing\\Router->runRoute()
#42 /home/support-03/Dev/wic-doctor/vendor/laravel/framework/src/Illuminate/Routing/Router.php(737): Illuminate\\Routing\\Router->dispatchToRoute()
#43 /home/support-03/Dev/wic-doctor/vendor/laravel/framework/src/Illuminate/Foundation/Http/Kernel.php(200): Illuminate\\Routing\\Router->dispatch()
#44 /home/support-03/Dev/wic-doctor/vendor/laravel/framework/src/Illuminate/Pipeline/Pipeline.php(144): Illuminate\\Foundation\\Http\\Kernel->Illuminate\\Foundation\\Http\\{closure}()
#45 /home/support-03/Dev/wic-doctor/vendor/laravel/framework/src/Illuminate/Foundation/Http/Middleware/TransformsRequest.php(21): Illuminate\\Pipeline\\Pipeline->Illuminate\\Pipeline\\{closure}()
#46 /home/support-03/Dev/wic-doctor/vendor/laravel/framework/src/Illuminate/Foundation/Http/Middleware/ConvertEmptyStringsToNull.php(31): Illuminate\\Foundation\\Http\\Middleware\\TransformsRequest->handle()
#47 /home/support-03/Dev/wic-doctor/vendor/laravel/framework/src/Illuminate/Pipeline/Pipeline.php(183): Illuminate\\Foundation\\Http\\Middleware\\ConvertEmptyStringsToNull->handle()
#48 /home/support-03/Dev/wic-doctor/vendor/laravel/framework/src/Illuminate/Foundation/Http/Middleware/TransformsRequest.php(21): Illuminate\\Pipeline\\Pipeline->Illuminate\\Pipeline\\{closure}()
#49 /home/support-03/Dev/wic-doctor/vendor/laravel/framework/src/Illuminate/Foundation/Http/Middleware/TrimStrings.php(40): Illuminate\\Foundation\\Http\\Middleware\\TransformsRequest->handle()
#50 /home/support-03/Dev/wic-doctor/vendor/laravel/framework/src/Illuminate/Pipeline/Pipeline.php(183): Illuminate\\Foundation\\Http\\Middleware\\TrimStrings->handle()
#51 /home/support-03/Dev/wic-doctor/vendor/laravel/framework/src/Illuminate/Foundation/Http/Middleware/ValidatePostSize.php(27): Illuminate\\Pipeline\\Pipeline->Illuminate\\Pipeline\\{closure}()
#52 /home/support-03/Dev/wic-doctor/vendor/laravel/framework/src/Illuminate/Pipeline/Pipeline.php(183): Illuminate\\Foundation\\Http\\Middleware\\ValidatePostSize->handle()
#53 /home/support-03/Dev/wic-doctor/vendor/laravel/framework/src/Illuminate/Foundation/Http/Middleware/PreventRequestsDuringMaintenance.php(99): Illuminate\\Pipeline\\Pipeline->Illuminate\\Pipeline\\{closure}()
#54 /home/support-03/Dev/wic-doctor/vendor/laravel/framework/src/Illuminate/Pipeline/Pipeline.php(183): Illuminate\\Foundation\\Http\\Middleware\\PreventRequestsDuringMaintenance->handle()
#55 /home/support-03/Dev/wic-doctor/vendor/laravel/framework/src/Illuminate/Http/Middleware/TrustProxies.php(39): Illuminate\\Pipeline\\Pipeline->Illuminate\\Pipeline\\{closure}()
#56 /home/support-03/Dev/wic-doctor/vendor/laravel/framework/src/Illuminate/Pipeline/Pipeline.php(183): Illuminate\\Http\\Middleware\\TrustProxies->handle()
#57 /home/support-03/Dev/wic-doctor/vendor/laravel/framework/src/Illuminate/Pipeline/Pipeline.php(119): Illuminate\\Pipeline\\Pipeline->Illuminate\\Pipeline\\{closure}()
#58 /home/support-03/Dev/wic-doctor/vendor/laravel/framework/src/Illuminate/Foundation/Http/Kernel.php(175): Illuminate\\Pipeline\\Pipeline->then()
#59 /home/support-03/Dev/wic-doctor/vendor/laravel/framework/src/Illuminate/Foundation/Http/Kernel.php(144): Illuminate\\Foundation\\Http\\Kernel->sendRequestThroughRouter()
#60 /home/support-03/Dev/wic-doctor/public/index.php(54): Illuminate\\Foundation\\Http\\Kernel->handle()
#61 /home/support-03/Dev/wic-doctor/server.php(21): require_once('...')
#62 {main}

[previous exception] [object] (ErrorException(code: 0): compact(): Undefined variable $dataTable at /home/support-03/Dev/wic-doctor/storage/framework/views/0660a23cffdb75dc94acea3f584a6a02.php:55)
[stacktrace]
#0 /home/support-03/Dev/wic-doctor/vendor/laravel/framework/src/Illuminate/Foundation/Bootstrap/HandleExceptions.php(255): Illuminate\\Foundation\\Bootstrap\\HandleExceptions->handleError()
#1 [internal function]: Illuminate\\Foundation\\Bootstrap\\HandleExceptions->Illuminate\\Foundation\\Bootstrap\\{closure}()
#2 /home/support-03/Dev/wic-doctor/storage/framework/views/0660a23cffdb75dc94acea3f584a6a02.php(55): compact()
#3 /home/support-03/Dev/wic-doctor/vendor/laravel/framework/src/Illuminate/Filesystem/Filesystem.php(123): require('...')
#4 /home/support-03/Dev/wic-doctor/vendor/laravel/framework/src/Illuminate/Filesystem/Filesystem.php(124): Illuminate\\Filesystem\\Filesystem::Illuminate\\Filesystem\\{closure}()
#5 /home/support-03/Dev/wic-doctor/vendor/laravel/framework/src/Illuminate/View/Engines/PhpEngine.php(58): Illuminate\\Filesystem\\Filesystem->getRequire()
#6 /home/support-03/Dev/wic-doctor/vendor/laravel/framework/src/Illuminate/View/Engines/CompilerEngine.php(72): Illuminate\\View\\Engines\\PhpEngine->evaluatePath()
#7 /home/support-03/Dev/wic-doctor/vendor/laravel/framework/src/Illuminate/View/View.php(207): Illuminate\\View\\Engines\\CompilerEngine->get()
#8 /home/support-03/Dev/wic-doctor/vendor/laravel/framework/src/Illuminate/View/View.php(190): Illuminate\\View\\View->getContents()
#9 /home/support-03/Dev/wic-doctor/vendor/laravel/framework/src/Illuminate/View/View.php(159): Illuminate\\View\\View->renderContents()
#10 /home/support-03/Dev/wic-doctor/vendor/laravel/framework/src/Illuminate/Http/Response.php(69): Illuminate\\View\\View->render()
#11 /home/support-03/Dev/wic-doctor/vendor/laravel/framework/src/Illuminate/Http/Response.php(35): Illuminate\\Http\\Response->setContent()
#12 /home/support-03/Dev/wic-doctor/vendor/laravel/framework/src/Illuminate/Routing/Router.php(918): Illuminate\\Http\\Response->__construct()
#13 /home/support-03/Dev/wic-doctor/vendor/laravel/framework/src/Illuminate/Routing/Router.php(885): Illuminate\\Routing\\Router::toResponse()
#14 /home/support-03/Dev/wic-doctor/vendor/laravel/framework/src/Illuminate/Routing/Router.php(805): Illuminate\\Routing\\Router->prepareResponse()
#15 /home/support-03/Dev/wic-doctor/vendor/laravel/framework/src/Illuminate/Pipeline/Pipeline.php(144): Illuminate\\Routing\\Router->Illuminate\\Routing\\{closure}()
#16 /home/support-03/Dev/wic-doctor/app/Http/Middleware/RestrictIp.php(32): Illuminate\\Pipeline\\Pipeline->Illuminate\\Pipeline\\{closure}()
#17 /home/support-03/Dev/wic-doctor/vendor/laravel/framework/src/Illuminate/Pipeline/Pipeline.php(183): App\\Http\\Middleware\\RestrictIp->handle()
#18 /home/support-03/Dev/wic-doctor/app/Http/Middleware/Permissions.php(50): Illuminate\\Pipeline\\Pipeline->Illuminate\\Pipeline\\{closure}()
#19 /home/support-03/Dev/wic-doctor/vendor/laravel/framework/src/Illuminate/Pipeline/Pipeline.php(183): App\\Http\\Middleware\\Permissions->handle()
#20 /home/support-03/Dev/wic-doctor/app/Http/Middleware/Locale.php(42): Illuminate\\Pipeline\\Pipeline->Illuminate\\Pipeline\\{closure}()
#21 /home/support-03/Dev/wic-doctor/vendor/laravel/framework/src/Illuminate/Pipeline/Pipeline.php(183): App\\Http\\Middleware\\Locale->handle()
#22 /home/support-03/Dev/wic-doctor/app/Http/Middleware/App.php(51): Illuminate\\Pipeline\\Pipeline->Illuminate\\Pipeline\\{closure}()
#23 /home/support-03/Dev/wic-doctor/vendor/laravel/framework/src/Illuminate/Pipeline/Pipeline.php(183): App\\Http\\Middleware\\App->handle()
#24 /home/support-03/Dev/wic-doctor/vendor/anlutro/l4-settings/src/SaveMiddleware.php(50): Illuminate\\Pipeline\\Pipeline->Illuminate\\Pipeline\\{closure}()
#25 /home/support-03/Dev/wic-doctor/vendor/laravel/framework/src/Illuminate/Pipeline/Pipeline.php(183): anlutro\\LaravelSettings\\SaveMiddleware->handle()
#26 /home/support-03/Dev/wic-doctor/vendor/laravel/framework/src/Illuminate/Routing/Middleware/SubstituteBindings.php(50): Illuminate\\Pipeline\\Pipeline->Illuminate\\Pipeline\\{closure}()
#27 /home/support-03/Dev/wic-doctor/vendor/laravel/framework/src/Illuminate/Pipeline/Pipeline.php(183): Illuminate\\Routing\\Middleware\\SubstituteBindings->handle()
#28 /home/support-03/Dev/wic-doctor/vendor/laravel/framework/src/Illuminate/Foundation/Http/Middleware/VerifyCsrfToken.php(78): Illuminate\\Pipeline\\Pipeline->Illuminate\\Pipeline\\{closure}()
#29 /home/support-03/Dev/wic-doctor/vendor/laravel/framework/src/Illuminate/Pipeline/Pipeline.php(183): Illuminate\\Foundation\\Http\\Middleware\\VerifyCsrfToken->handle()
#30 /home/support-03/Dev/wic-doctor/vendor/laravel/framework/src/Illuminate/Session/Middleware/AuthenticateSession.php(60): Illuminate\\Pipeline\\Pipeline->Illuminate\\Pipeline\\{closure}()
#31 /home/support-03/Dev/wic-doctor/vendor/laravel/framework/src/Illuminate/Pipeline/Pipeline.php(183): Illuminate\\Session\\Middleware\\AuthenticateSession->handle()
#32 /home/support-03/Dev/wic-doctor/vendor/laravel/framework/src/Illuminate/View/Middleware/ShareErrorsFromSession.php(49): Illuminate\\Pipeline\\Pipeline->Illuminate\\Pipeline\\{closure}()
#33 /home/support-03/Dev/wic-doctor/vendor/laravel/framework/src/Illuminate/Pipeline/Pipeline.php(183): Illuminate\\View\\Middleware\\ShareErrorsFromSession->handle()
#34 /home/support-03/Dev/wic-doctor/vendor/laravel/framework/src/Illuminate/Session/Middleware/StartSession.php(121): Illuminate\\Pipeline\\Pipeline->Illuminate\\Pipeline\\{closure}()
#35 /home/support-03/Dev/wic-doctor/vendor/laravel/framework/src/Illuminate/Session/Middleware/StartSession.php(64): Illuminate\\Session\\Middleware\\StartSession->handleStatefulRequest()
#36 /home/support-03/Dev/wic-doctor/vendor/laravel/framework/src/Illuminate/Pipeline/Pipeline.php(183): Illuminate\\Session\\Middleware\\StartSession->handle()
#37 /home/support-03/Dev/wic-doctor/app/Http/Middleware/Installed.php(37): Illuminate\\Pipeline\\Pipeline->Illuminate\\Pipeline\\{closure}()
#38 /home/support-03/Dev/wic-doctor/vendor/laravel/framework/src/Illuminate/Pipeline/Pipeline.php(183): App\\Http\\Middleware\\Installed->handle()
#39 /home/support-03/Dev/wic-doctor/vendor/laravel/framework/src/Illuminate/Cookie/Middleware/AddQueuedCookiesToResponse.php(37): Illuminate\\Pipeline\\Pipeline->Illuminate\\Pipeline\\{closure}()
#40 /home/support-03/Dev/wic-doctor/vendor/laravel/framework/src/Illuminate/Pipeline/Pipeline.php(183): Illuminate\\Cookie\\Middleware\\AddQueuedCookiesToResponse->handle()
#41 /home/support-03/Dev/wic-doctor/vendor/laravel/framework/src/Illuminate/Cookie/Middleware/EncryptCookies.php(67): Illuminate\\Pipeline\\Pipeline->Illuminate\\Pipeline\\{closure}()
#42 /home/support-03/Dev/wic-doctor/vendor/laravel/framework/src/Illuminate/Pipeline/Pipeline.php(183): Illuminate\\Cookie\\Middleware\\EncryptCookies->handle()
#43 /home/support-03/Dev/wic-doctor/vendor/laravel/framework/src/Illuminate/Pipeline/Pipeline.php(119): Illuminate\\Pipeline\\Pipeline->Illuminate\\Pipeline\\{closure}()
#44 /home/support-03/Dev/wic-doctor/vendor/laravel/framework/src/Illuminate/Routing/Router.php(805): Illuminate\\Pipeline\\Pipeline->then()
#45 /home/support-03/Dev/wic-doctor/vendor/laravel/framework/src/Illuminate/Routing/Router.php(784): Illuminate\\Routing\\Router->runRouteWithinStack()
#46 /home/support-03/Dev/wic-doctor/vendor/laravel/framework/src/Illuminate/Routing/Router.php(748): Illuminate\\Routing\\Router->runRoute()
#47 /home/support-03/Dev/wic-doctor/vendor/laravel/framework/src/Illuminate/Routing/Router.php(737): Illuminate\\Routing\\Router->dispatchToRoute()
#48 /home/support-03/Dev/wic-doctor/vendor/laravel/framework/src/Illuminate/Foundation/Http/Kernel.php(200): Illuminate\\Routing\\Router->dispatch()
#49 /home/support-03/Dev/wic-doctor/vendor/laravel/framework/src/Illuminate/Pipeline/Pipeline.php(144): Illuminate\\Foundation\\Http\\Kernel->Illuminate\\Foundation\\Http\\{closure}()
#50 /home/support-03/Dev/wic-doctor/vendor/laravel/framework/src/Illuminate/Foundation/Http/Middleware/TransformsRequest.php(21): Illuminate\\Pipeline\\Pipeline->Illuminate\\Pipeline\\{closure}()
#51 /home/support-03/Dev/wic-doctor/vendor/laravel/framework/src/Illuminate/Foundation/Http/Middleware/ConvertEmptyStringsToNull.php(31): Illuminate\\Foundation\\Http\\Middleware\\TransformsRequest->handle()
#52 /home/support-03/Dev/wic-doctor/vendor/laravel/framework/src/Illuminate/Pipeline/Pipeline.php(183): Illuminate\\Foundation\\Http\\Middleware\\ConvertEmptyStringsToNull->handle()
#53 /home/support-03/Dev/wic-doctor/vendor/laravel/framework/src/Illuminate/Foundation/Http/Middleware/TransformsRequest.php(21): Illuminate\\Pipeline\\Pipeline->Illuminate\\Pipeline\\{closure}()
#54 /home/support-03/Dev/wic-doctor/vendor/laravel/framework/src/Illuminate/Foundation/Http/Middleware/TrimStrings.php(40): Illuminate\\Foundation\\Http\\Middleware\\TransformsRequest->handle()
#55 /home/support-03/Dev/wic-doctor/vendor/laravel/framework/src/Illuminate/Pipeline/Pipeline.php(183): Illuminate\\Foundation\\Http\\Middleware\\TrimStrings->handle()
#56 /home/support-03/Dev/wic-doctor/vendor/laravel/framework/src/Illuminate/Foundation/Http/Middleware/ValidatePostSize.php(27): Illuminate\\Pipeline\\Pipeline->Illuminate\\Pipeline\\{closure}()
#57 /home/support-03/Dev/wic-doctor/vendor/laravel/framework/src/Illuminate/Pipeline/Pipeline.php(183): Illuminate\\Foundation\\Http\\Middleware\\ValidatePostSize->handle()
#58 /home/support-03/Dev/wic-doctor/vendor/laravel/framework/src/Illuminate/Foundation/Http/Middleware/PreventRequestsDuringMaintenance.php(99): Illuminate\\Pipeline\\Pipeline->Illuminate\\Pipeline\\{closure}()
#59 /home/support-03/Dev/wic-doctor/vendor/laravel/framework/src/Illuminate/Pipeline/Pipeline.php(183): Illuminate\\Foundation\\Http\\Middleware\\PreventRequestsDuringMaintenance->handle()
#60 /home/support-03/Dev/wic-doctor/vendor/laravel/framework/src/Illuminate/Http/Middleware/TrustProxies.php(39): Illuminate\\Pipeline\\Pipeline->Illuminate\\Pipeline\\{closure}()
#61 /home/support-03/Dev/wic-doctor/vendor/laravel/framework/src/Illuminate/Pipeline/Pipeline.php(183): Illuminate\\Http\\Middleware\\TrustProxies->handle()
#62 /home/support-03/Dev/wic-doctor/vendor/laravel/framework/src/Illuminate/Pipeline/Pipeline.php(119): Illuminate\\Pipeline\\Pipeline->Illuminate\\Pipeline\\{closure}()
#63 /home/support-03/Dev/wic-doctor/vendor/laravel/framework/src/Illuminate/Foundation/Http/Kernel.php(175): Illuminate\\Pipeline\\Pipeline->then()
#64 /home/support-03/Dev/wic-doctor/vendor/laravel/framework/src/Illuminate/Foundation/Http/Kernel.php(144): Illuminate\\Foundation\\Http\\Kernel->sendRequestThroughRouter()
#65 /home/support-03/Dev/wic-doctor/public/index.php(54): Illuminate\\Foundation\\Http\\Kernel->handle()
#66 /home/support-03/Dev/wic-doctor/server.php(21): require_once('...')
#67 {main}
"} 
[2025-01-24 16:22:04] local.INFO: Checking permission in context {"user_id":121,"permission_name":"patterns.index","doctor_id":134} 
[2025-01-24 16:22:04] local.INFO: Permission granted for doctor role {"user_id":121,"doctor_id":134} 
[2025-01-24 16:22:04] local.INFO: Checking permission in context {"user_id":121,"permission_name":"patterns.create","doctor_id":134} 
[2025-01-24 16:22:04] local.INFO: Permission granted for doctor role {"user_id":121,"doctor_id":134} 
[2025-01-24 16:22:15] local.INFO: Checking permission in context {"user_id":121,"permission_name":"patterns.index","doctor_id":134} 
[2025-01-24 16:22:15] local.INFO: Permission granted for doctor role {"user_id":121,"doctor_id":134} 
[2025-01-24 16:22:15] local.INFO: Checking permission in context {"user_id":121,"permission_name":"patterns.create","doctor_id":134} 
[2025-01-24 16:22:15] local.INFO: Permission granted for doctor role {"user_id":121,"doctor_id":134} 
[2025-01-24 16:28:35] local.INFO: Checking permission in context {"user_id":121,"permission_name":"patterns.index","doctor_id":134} 
[2025-01-24 16:28:35] local.INFO: Permission granted for doctor role {"user_id":121,"doctor_id":134} 
[2025-01-24 16:28:35] local.INFO: Checking permission in context {"user_id":121,"permission_name":"patterns.create","doctor_id":134} 
[2025-01-24 16:28:35] local.INFO: Permission granted for doctor role {"user_id":121,"doctor_id":134} 
[2025-01-24 16:28:46] local.INFO: Checking permission in context {"user_id":121,"permission_name":"patterns.index","doctor_id":134} 
[2025-01-24 16:28:46] local.INFO: Permission granted for doctor role {"user_id":121,"doctor_id":134} 
[2025-01-24 16:28:46] local.INFO: Checking permission in context {"user_id":121,"permission_name":"patterns.create","doctor_id":134} 
[2025-01-24 16:28:46] local.INFO: Permission granted for doctor role {"user_id":121,"doctor_id":134} 
[2025-01-24 16:29:31] local.INFO: Checking permission in context {"user_id":121,"permission_name":"patterns.index","doctor_id":134} 
[2025-01-24 16:29:31] local.INFO: Permission granted for doctor role {"user_id":121,"doctor_id":134} 
[2025-01-24 16:29:31] local.INFO: Checking permission in context {"user_id":121,"permission_name":"patterns.create","doctor_id":134} 
[2025-01-24 16:29:31] local.INFO: Permission granted for doctor role {"user_id":121,"doctor_id":134} 
[2025-01-24 16:29:41] local.INFO: Checking permission in context {"user_id":121,"permission_name":"patterns.index","doctor_id":134} 
[2025-01-24 16:29:41] local.INFO: Permission granted for doctor role {"user_id":121,"doctor_id":134} 
[2025-01-24 16:29:41] local.INFO: Checking permission in context {"user_id":121,"permission_name":"patterns.create","doctor_id":134} 
[2025-01-24 16:29:41] local.INFO: Permission granted for doctor role {"user_id":121,"doctor_id":134} 
[2025-01-24 16:29:44] local.INFO: Checking permission in context {"user_id":121,"permission_name":"patterns.index","doctor_id":134} 
[2025-01-24 16:29:44] local.INFO: Permission granted for doctor role {"user_id":121,"doctor_id":134} 
[2025-01-24 16:29:44] local.INFO: Checking permission in context {"user_id":121,"permission_name":"patterns.create","doctor_id":134} 
[2025-01-24 16:29:44] local.INFO: Permission granted for doctor role {"user_id":121,"doctor_id":134} 
[2025-01-24 16:32:37] local.INFO: Checking permission in context {"user_id":121,"permission_name":"patterns.index","doctor_id":134} 
[2025-01-24 16:32:37] local.INFO: Permission granted for doctor role {"user_id":121,"doctor_id":134} 
[2025-01-24 16:32:37] local.INFO: Checking permission in context {"user_id":121,"permission_name":"patterns.create","doctor_id":134} 
[2025-01-24 16:32:37] local.INFO: Permission granted for doctor role {"user_id":121,"doctor_id":134} 
[2025-01-24 16:34:28] local.INFO: Availability days retrieved {"availability_days":["Lundi","Mardi","Mercredi","Jeudi","Vendredi","Samedi"]} 
[2025-01-24 16:34:28] local.INFO: Vacations retrieved {"vacations":{"Illuminate\\Support\\Collection":[]}} 
[2025-01-24 16:34:28] local.INFO: Patients retrieved {"patients_count":1} 
[2025-01-24 16:34:28] local.INFO: Checking permission in context {"user_id":571,"permission_name":"appointment-event.index","doctor_id":134} 
[2025-01-24 16:34:28] local.INFO: Applying doctor filter for secretary role {"doctor_id":134} 
[2025-01-24 16:34:28] local.INFO: Applying user filter for secretary role {"user_id":571} 
[2025-01-24 16:34:28] local.INFO: Permission check result for secretary {"user_id":571,"permission_name":"appointment-event.index","doctor_id":134,"exists":false} 
[2025-01-24 16:34:28] local.INFO: Checking permission in context {"user_id":571,"permission_name":"updateStatus","doctor_id":134} 
[2025-01-24 16:34:28] local.INFO: Applying doctor filter for secretary role {"doctor_id":134} 
[2025-01-24 16:34:28] local.INFO: Applying user filter for secretary role {"user_id":571} 
[2025-01-24 16:34:28] local.INFO: Permission check result for secretary {"user_id":571,"permission_name":"updateStatus","doctor_id":134,"exists":false} 
[2025-01-24 16:34:28] local.INFO: Availability days retrieved {"availability_days":["Lundi","Mardi","Mercredi","Jeudi","Vendredi","Samedi"]} 
[2025-01-24 16:34:28] local.INFO: Vacations retrieved {"vacations":{"Illuminate\\Support\\Collection":[]}} 
[2025-01-24 16:34:28] local.INFO: Patients retrieved {"patients_count":1} 
[2025-01-24 16:34:28] local.INFO: Checking permission in context {"user_id":571,"permission_name":"appointment-event.index","doctor_id":134} 
[2025-01-24 16:34:28] local.INFO: Applying doctor filter for secretary role {"doctor_id":134} 
[2025-01-24 16:34:28] local.INFO: Applying user filter for secretary role {"user_id":571} 
[2025-01-24 16:34:28] local.INFO: Permission check result for secretary {"user_id":571,"permission_name":"appointment-event.index","doctor_id":134,"exists":false} 
[2025-01-24 16:34:28] local.INFO: Checking permission in context {"user_id":571,"permission_name":"updateStatus","doctor_id":134} 
[2025-01-24 16:34:28] local.INFO: Applying doctor filter for secretary role {"doctor_id":134} 
[2025-01-24 16:34:28] local.INFO: Applying user filter for secretary role {"user_id":571} 
[2025-01-24 16:34:28] local.INFO: Permission check result for secretary {"user_id":571,"permission_name":"updateStatus","doctor_id":134,"exists":false} 
[2025-01-24 16:40:03] local.INFO: Checking permission in context {"user_id":121,"permission_name":"patterns.index","doctor_id":134} 
[2025-01-24 16:40:03] local.INFO: Permission granted for doctor role {"user_id":121,"doctor_id":134} 
[2025-01-24 16:40:03] local.INFO: Checking permission in context {"user_id":121,"permission_name":"patterns.create","doctor_id":134} 
[2025-01-24 16:40:03] local.INFO: Permission granted for doctor role {"user_id":121,"doctor_id":134} 
[2025-01-24 16:40:08] local.INFO: Checking permission in context {"user_id":121,"permission_name":"patterns.index","doctor_id":134} 
[2025-01-24 16:40:08] local.INFO: Permission granted for doctor role {"user_id":121,"doctor_id":134} 
[2025-01-24 16:40:08] local.INFO: Checking permission in context {"user_id":121,"permission_name":"patterns.create","doctor_id":134} 
[2025-01-24 16:40:08] local.INFO: Permission granted for doctor role {"user_id":121,"doctor_id":134} 
[2025-01-24 16:40:13] local.INFO: Checking permission in context {"user_id":121,"permission_name":"patterns.index","doctor_id":134} 
[2025-01-24 16:40:13] local.INFO: Permission granted for doctor role {"user_id":121,"doctor_id":134} 
[2025-01-24 16:40:13] local.INFO: Checking permission in context {"user_id":121,"permission_name":"patterns.create","doctor_id":134} 
[2025-01-24 16:40:13] local.INFO: Permission granted for doctor role {"user_id":121,"doctor_id":134} 
[2025-01-24 16:41:10] local.ERROR: syntax error, unexpected end of file, expecting "elseif" or "else" or "endif" (View: /home/support-03/Dev/wic-doctor/resources/views/profile_management/permissions/index.blade.php) {"userId":121,"exception":"[object] (Illuminate\\View\\ViewException(code: 0): syntax error, unexpected end of file, expecting \"elseif\" or \"else\" or \"endif\" (View: /home/support-03/Dev/wic-doctor/resources/views/profile_management/permissions/index.blade.php) at /home/support-03/Dev/wic-doctor/storage/framework/views/0660a23cffdb75dc94acea3f584a6a02.php:343)
[stacktrace]
#0 /home/support-03/Dev/wic-doctor/vendor/laravel/framework/src/Illuminate/View/Engines/PhpEngine.php(60): Illuminate\\View\\Engines\\CompilerEngine->handleViewException()
#1 /home/support-03/Dev/wic-doctor/vendor/laravel/framework/src/Illuminate/View/Engines/CompilerEngine.php(72): Illuminate\\View\\Engines\\PhpEngine->evaluatePath()
#2 /home/support-03/Dev/wic-doctor/vendor/laravel/framework/src/Illuminate/View/View.php(207): Illuminate\\View\\Engines\\CompilerEngine->get()
#3 /home/support-03/Dev/wic-doctor/vendor/laravel/framework/src/Illuminate/View/View.php(190): Illuminate\\View\\View->getContents()
#4 /home/support-03/Dev/wic-doctor/vendor/laravel/framework/src/Illuminate/View/View.php(159): Illuminate\\View\\View->renderContents()
#5 /home/support-03/Dev/wic-doctor/vendor/laravel/framework/src/Illuminate/Http/Response.php(69): Illuminate\\View\\View->render()
#6 /home/support-03/Dev/wic-doctor/vendor/laravel/framework/src/Illuminate/Http/Response.php(35): Illuminate\\Http\\Response->setContent()
#7 /home/support-03/Dev/wic-doctor/vendor/laravel/framework/src/Illuminate/Routing/Router.php(918): Illuminate\\Http\\Response->__construct()
#8 /home/support-03/Dev/wic-doctor/vendor/laravel/framework/src/Illuminate/Routing/Router.php(885): Illuminate\\Routing\\Router::toResponse()
#9 /home/support-03/Dev/wic-doctor/vendor/laravel/framework/src/Illuminate/Routing/Router.php(805): Illuminate\\Routing\\Router->prepareResponse()
#10 /home/support-03/Dev/wic-doctor/vendor/laravel/framework/src/Illuminate/Pipeline/Pipeline.php(144): Illuminate\\Routing\\Router->Illuminate\\Routing\\{closure}()
#11 /home/support-03/Dev/wic-doctor/app/Http/Middleware/RestrictIp.php(32): Illuminate\\Pipeline\\Pipeline->Illuminate\\Pipeline\\{closure}()
#12 /home/support-03/Dev/wic-doctor/vendor/laravel/framework/src/Illuminate/Pipeline/Pipeline.php(183): App\\Http\\Middleware\\RestrictIp->handle()
#13 /home/support-03/Dev/wic-doctor/app/Http/Middleware/Permissions.php(50): Illuminate\\Pipeline\\Pipeline->Illuminate\\Pipeline\\{closure}()
#14 /home/support-03/Dev/wic-doctor/vendor/laravel/framework/src/Illuminate/Pipeline/Pipeline.php(183): App\\Http\\Middleware\\Permissions->handle()
#15 /home/support-03/Dev/wic-doctor/app/Http/Middleware/Locale.php(42): Illuminate\\Pipeline\\Pipeline->Illuminate\\Pipeline\\{closure}()
#16 /home/support-03/Dev/wic-doctor/vendor/laravel/framework/src/Illuminate/Pipeline/Pipeline.php(183): App\\Http\\Middleware\\Locale->handle()
#17 /home/support-03/Dev/wic-doctor/app/Http/Middleware/App.php(51): Illuminate\\Pipeline\\Pipeline->Illuminate\\Pipeline\\{closure}()
#18 /home/support-03/Dev/wic-doctor/vendor/laravel/framework/src/Illuminate/Pipeline/Pipeline.php(183): App\\Http\\Middleware\\App->handle()
#19 /home/support-03/Dev/wic-doctor/vendor/anlutro/l4-settings/src/SaveMiddleware.php(50): Illuminate\\Pipeline\\Pipeline->Illuminate\\Pipeline\\{closure}()
#20 /home/support-03/Dev/wic-doctor/vendor/laravel/framework/src/Illuminate/Pipeline/Pipeline.php(183): anlutro\\LaravelSettings\\SaveMiddleware->handle()
#21 /home/support-03/Dev/wic-doctor/vendor/laravel/framework/src/Illuminate/Routing/Middleware/SubstituteBindings.php(50): Illuminate\\Pipeline\\Pipeline->Illuminate\\Pipeline\\{closure}()
#22 /home/support-03/Dev/wic-doctor/vendor/laravel/framework/src/Illuminate/Pipeline/Pipeline.php(183): Illuminate\\Routing\\Middleware\\SubstituteBindings->handle()
#23 /home/support-03/Dev/wic-doctor/vendor/laravel/framework/src/Illuminate/Foundation/Http/Middleware/VerifyCsrfToken.php(78): Illuminate\\Pipeline\\Pipeline->Illuminate\\Pipeline\\{closure}()
#24 /home/support-03/Dev/wic-doctor/vendor/laravel/framework/src/Illuminate/Pipeline/Pipeline.php(183): Illuminate\\Foundation\\Http\\Middleware\\VerifyCsrfToken->handle()
#25 /home/support-03/Dev/wic-doctor/vendor/laravel/framework/src/Illuminate/Session/Middleware/AuthenticateSession.php(60): Illuminate\\Pipeline\\Pipeline->Illuminate\\Pipeline\\{closure}()
#26 /home/support-03/Dev/wic-doctor/vendor/laravel/framework/src/Illuminate/Pipeline/Pipeline.php(183): Illuminate\\Session\\Middleware\\AuthenticateSession->handle()
#27 /home/support-03/Dev/wic-doctor/vendor/laravel/framework/src/Illuminate/View/Middleware/ShareErrorsFromSession.php(49): Illuminate\\Pipeline\\Pipeline->Illuminate\\Pipeline\\{closure}()
#28 /home/support-03/Dev/wic-doctor/vendor/laravel/framework/src/Illuminate/Pipeline/Pipeline.php(183): Illuminate\\View\\Middleware\\ShareErrorsFromSession->handle()
#29 /home/support-03/Dev/wic-doctor/vendor/laravel/framework/src/Illuminate/Session/Middleware/StartSession.php(121): Illuminate\\Pipeline\\Pipeline->Illuminate\\Pipeline\\{closure}()
#30 /home/support-03/Dev/wic-doctor/vendor/laravel/framework/src/Illuminate/Session/Middleware/StartSession.php(64): Illuminate\\Session\\Middleware\\StartSession->handleStatefulRequest()
#31 /home/support-03/Dev/wic-doctor/vendor/laravel/framework/src/Illuminate/Pipeline/Pipeline.php(183): Illuminate\\Session\\Middleware\\StartSession->handle()
#32 /home/support-03/Dev/wic-doctor/app/Http/Middleware/Installed.php(37): Illuminate\\Pipeline\\Pipeline->Illuminate\\Pipeline\\{closure}()
#33 /home/support-03/Dev/wic-doctor/vendor/laravel/framework/src/Illuminate/Pipeline/Pipeline.php(183): App\\Http\\Middleware\\Installed->handle()
#34 /home/support-03/Dev/wic-doctor/vendor/laravel/framework/src/Illuminate/Cookie/Middleware/AddQueuedCookiesToResponse.php(37): Illuminate\\Pipeline\\Pipeline->Illuminate\\Pipeline\\{closure}()
#35 /home/support-03/Dev/wic-doctor/vendor/laravel/framework/src/Illuminate/Pipeline/Pipeline.php(183): Illuminate\\Cookie\\Middleware\\AddQueuedCookiesToResponse->handle()
#36 /home/support-03/Dev/wic-doctor/vendor/laravel/framework/src/Illuminate/Cookie/Middleware/EncryptCookies.php(67): Illuminate\\Pipeline\\Pipeline->Illuminate\\Pipeline\\{closure}()
#37 /home/support-03/Dev/wic-doctor/vendor/laravel/framework/src/Illuminate/Pipeline/Pipeline.php(183): Illuminate\\Cookie\\Middleware\\EncryptCookies->handle()
#38 /home/support-03/Dev/wic-doctor/vendor/laravel/framework/src/Illuminate/Pipeline/Pipeline.php(119): Illuminate\\Pipeline\\Pipeline->Illuminate\\Pipeline\\{closure}()
#39 /home/support-03/Dev/wic-doctor/vendor/laravel/framework/src/Illuminate/Routing/Router.php(805): Illuminate\\Pipeline\\Pipeline->then()
#40 /home/support-03/Dev/wic-doctor/vendor/laravel/framework/src/Illuminate/Routing/Router.php(784): Illuminate\\Routing\\Router->runRouteWithinStack()
#41 /home/support-03/Dev/wic-doctor/vendor/laravel/framework/src/Illuminate/Routing/Router.php(748): Illuminate\\Routing\\Router->runRoute()
#42 /home/support-03/Dev/wic-doctor/vendor/laravel/framework/src/Illuminate/Routing/Router.php(737): Illuminate\\Routing\\Router->dispatchToRoute()
#43 /home/support-03/Dev/wic-doctor/vendor/laravel/framework/src/Illuminate/Foundation/Http/Kernel.php(200): Illuminate\\Routing\\Router->dispatch()
#44 /home/support-03/Dev/wic-doctor/vendor/laravel/framework/src/Illuminate/Pipeline/Pipeline.php(144): Illuminate\\Foundation\\Http\\Kernel->Illuminate\\Foundation\\Http\\{closure}()
#45 /home/support-03/Dev/wic-doctor/vendor/laravel/framework/src/Illuminate/Foundation/Http/Middleware/TransformsRequest.php(21): Illuminate\\Pipeline\\Pipeline->Illuminate\\Pipeline\\{closure}()
#46 /home/support-03/Dev/wic-doctor/vendor/laravel/framework/src/Illuminate/Foundation/Http/Middleware/ConvertEmptyStringsToNull.php(31): Illuminate\\Foundation\\Http\\Middleware\\TransformsRequest->handle()
#47 /home/support-03/Dev/wic-doctor/vendor/laravel/framework/src/Illuminate/Pipeline/Pipeline.php(183): Illuminate\\Foundation\\Http\\Middleware\\ConvertEmptyStringsToNull->handle()
#48 /home/support-03/Dev/wic-doctor/vendor/laravel/framework/src/Illuminate/Foundation/Http/Middleware/TransformsRequest.php(21): Illuminate\\Pipeline\\Pipeline->Illuminate\\Pipeline\\{closure}()
#49 /home/support-03/Dev/wic-doctor/vendor/laravel/framework/src/Illuminate/Foundation/Http/Middleware/TrimStrings.php(40): Illuminate\\Foundation\\Http\\Middleware\\TransformsRequest->handle()
#50 /home/support-03/Dev/wic-doctor/vendor/laravel/framework/src/Illuminate/Pipeline/Pipeline.php(183): Illuminate\\Foundation\\Http\\Middleware\\TrimStrings->handle()
#51 /home/support-03/Dev/wic-doctor/vendor/laravel/framework/src/Illuminate/Foundation/Http/Middleware/ValidatePostSize.php(27): Illuminate\\Pipeline\\Pipeline->Illuminate\\Pipeline\\{closure}()
#52 /home/support-03/Dev/wic-doctor/vendor/laravel/framework/src/Illuminate/Pipeline/Pipeline.php(183): Illuminate\\Foundation\\Http\\Middleware\\ValidatePostSize->handle()
#53 /home/support-03/Dev/wic-doctor/vendor/laravel/framework/src/Illuminate/Foundation/Http/Middleware/PreventRequestsDuringMaintenance.php(99): Illuminate\\Pipeline\\Pipeline->Illuminate\\Pipeline\\{closure}()
#54 /home/support-03/Dev/wic-doctor/vendor/laravel/framework/src/Illuminate/Pipeline/Pipeline.php(183): Illuminate\\Foundation\\Http\\Middleware\\PreventRequestsDuringMaintenance->handle()
#55 /home/support-03/Dev/wic-doctor/vendor/laravel/framework/src/Illuminate/Http/Middleware/TrustProxies.php(39): Illuminate\\Pipeline\\Pipeline->Illuminate\\Pipeline\\{closure}()
#56 /home/support-03/Dev/wic-doctor/vendor/laravel/framework/src/Illuminate/Pipeline/Pipeline.php(183): Illuminate\\Http\\Middleware\\TrustProxies->handle()
#57 /home/support-03/Dev/wic-doctor/vendor/laravel/framework/src/Illuminate/Pipeline/Pipeline.php(119): Illuminate\\Pipeline\\Pipeline->Illuminate\\Pipeline\\{closure}()
#58 /home/support-03/Dev/wic-doctor/vendor/laravel/framework/src/Illuminate/Foundation/Http/Kernel.php(175): Illuminate\\Pipeline\\Pipeline->then()
#59 /home/support-03/Dev/wic-doctor/vendor/laravel/framework/src/Illuminate/Foundation/Http/Kernel.php(144): Illuminate\\Foundation\\Http\\Kernel->sendRequestThroughRouter()
#60 /home/support-03/Dev/wic-doctor/public/index.php(54): Illuminate\\Foundation\\Http\\Kernel->handle()
#61 /home/support-03/Dev/wic-doctor/server.php(21): require_once('...')
#62 {main}

[previous exception] [object] (ParseError(code: 0): syntax error, unexpected end of file, expecting \"elseif\" or \"else\" or \"endif\" at /home/support-03/Dev/wic-doctor/storage/framework/views/0660a23cffdb75dc94acea3f584a6a02.php:343)
[stacktrace]
#0 /home/support-03/Dev/wic-doctor/vendor/laravel/framework/src/Illuminate/Filesystem/Filesystem.php(124): Illuminate\\Filesystem\\Filesystem::Illuminate\\Filesystem\\{closure}()
#1 /home/support-03/Dev/wic-doctor/vendor/laravel/framework/src/Illuminate/View/Engines/PhpEngine.php(58): Illuminate\\Filesystem\\Filesystem->getRequire()
#2 /home/support-03/Dev/wic-doctor/vendor/laravel/framework/src/Illuminate/View/Engines/CompilerEngine.php(72): Illuminate\\View\\Engines\\PhpEngine->evaluatePath()
#3 /home/support-03/Dev/wic-doctor/vendor/laravel/framework/src/Illuminate/View/View.php(207): Illuminate\\View\\Engines\\CompilerEngine->get()
#4 /home/support-03/Dev/wic-doctor/vendor/laravel/framework/src/Illuminate/View/View.php(190): Illuminate\\View\\View->getContents()
#5 /home/support-03/Dev/wic-doctor/vendor/laravel/framework/src/Illuminate/View/View.php(159): Illuminate\\View\\View->renderContents()
#6 /home/support-03/Dev/wic-doctor/vendor/laravel/framework/src/Illuminate/Http/Response.php(69): Illuminate\\View\\View->render()
#7 /home/support-03/Dev/wic-doctor/vendor/laravel/framework/src/Illuminate/Http/Response.php(35): Illuminate\\Http\\Response->setContent()
#8 /home/support-03/Dev/wic-doctor/vendor/laravel/framework/src/Illuminate/Routing/Router.php(918): Illuminate\\Http\\Response->__construct()
#9 /home/support-03/Dev/wic-doctor/vendor/laravel/framework/src/Illuminate/Routing/Router.php(885): Illuminate\\Routing\\Router::toResponse()
#10 /home/support-03/Dev/wic-doctor/vendor/laravel/framework/src/Illuminate/Routing/Router.php(805): Illuminate\\Routing\\Router->prepareResponse()
#11 /home/support-03/Dev/wic-doctor/vendor/laravel/framework/src/Illuminate/Pipeline/Pipeline.php(144): Illuminate\\Routing\\Router->Illuminate\\Routing\\{closure}()
#12 /home/support-03/Dev/wic-doctor/app/Http/Middleware/RestrictIp.php(32): Illuminate\\Pipeline\\Pipeline->Illuminate\\Pipeline\\{closure}()
#13 /home/support-03/Dev/wic-doctor/vendor/laravel/framework/src/Illuminate/Pipeline/Pipeline.php(183): App\\Http\\Middleware\\RestrictIp->handle()
#14 /home/support-03/Dev/wic-doctor/app/Http/Middleware/Permissions.php(50): Illuminate\\Pipeline\\Pipeline->Illuminate\\Pipeline\\{closure}()
#15 /home/support-03/Dev/wic-doctor/vendor/laravel/framework/src/Illuminate/Pipeline/Pipeline.php(183): App\\Http\\Middleware\\Permissions->handle()
#16 /home/support-03/Dev/wic-doctor/app/Http/Middleware/Locale.php(42): Illuminate\\Pipeline\\Pipeline->Illuminate\\Pipeline\\{closure}()
#17 /home/support-03/Dev/wic-doctor/vendor/laravel/framework/src/Illuminate/Pipeline/Pipeline.php(183): App\\Http\\Middleware\\Locale->handle()
#18 /home/support-03/Dev/wic-doctor/app/Http/Middleware/App.php(51): Illuminate\\Pipeline\\Pipeline->Illuminate\\Pipeline\\{closure}()
#19 /home/support-03/Dev/wic-doctor/vendor/laravel/framework/src/Illuminate/Pipeline/Pipeline.php(183): App\\Http\\Middleware\\App->handle()
#20 /home/support-03/Dev/wic-doctor/vendor/anlutro/l4-settings/src/SaveMiddleware.php(50): Illuminate\\Pipeline\\Pipeline->Illuminate\\Pipeline\\{closure}()
#21 /home/support-03/Dev/wic-doctor/vendor/laravel/framework/src/Illuminate/Pipeline/Pipeline.php(183): anlutro\\LaravelSettings\\SaveMiddleware->handle()
#22 /home/support-03/Dev/wic-doctor/vendor/laravel/framework/src/Illuminate/Routing/Middleware/SubstituteBindings.php(50): Illuminate\\Pipeline\\Pipeline->Illuminate\\Pipeline\\{closure}()
#23 /home/support-03/Dev/wic-doctor/vendor/laravel/framework/src/Illuminate/Pipeline/Pipeline.php(183): Illuminate\\Routing\\Middleware\\SubstituteBindings->handle()
#24 /home/support-03/Dev/wic-doctor/vendor/laravel/framework/src/Illuminate/Foundation/Http/Middleware/VerifyCsrfToken.php(78): Illuminate\\Pipeline\\Pipeline->Illuminate\\Pipeline\\{closure}()
#25 /home/support-03/Dev/wic-doctor/vendor/laravel/framework/src/Illuminate/Pipeline/Pipeline.php(183): Illuminate\\Foundation\\Http\\Middleware\\VerifyCsrfToken->handle()
#26 /home/support-03/Dev/wic-doctor/vendor/laravel/framework/src/Illuminate/Session/Middleware/AuthenticateSession.php(60): Illuminate\\Pipeline\\Pipeline->Illuminate\\Pipeline\\{closure}()
#27 /home/support-03/Dev/wic-doctor/vendor/laravel/framework/src/Illuminate/Pipeline/Pipeline.php(183): Illuminate\\Session\\Middleware\\AuthenticateSession->handle()
#28 /home/support-03/Dev/wic-doctor/vendor/laravel/framework/src/Illuminate/View/Middleware/ShareErrorsFromSession.php(49): Illuminate\\Pipeline\\Pipeline->Illuminate\\Pipeline\\{closure}()
#29 /home/support-03/Dev/wic-doctor/vendor/laravel/framework/src/Illuminate/Pipeline/Pipeline.php(183): Illuminate\\View\\Middleware\\ShareErrorsFromSession->handle()
#30 /home/support-03/Dev/wic-doctor/vendor/laravel/framework/src/Illuminate/Session/Middleware/StartSession.php(121): Illuminate\\Pipeline\\Pipeline->Illuminate\\Pipeline\\{closure}()
#31 /home/support-03/Dev/wic-doctor/vendor/laravel/framework/src/Illuminate/Session/Middleware/StartSession.php(64): Illuminate\\Session\\Middleware\\StartSession->handleStatefulRequest()
#32 /home/support-03/Dev/wic-doctor/vendor/laravel/framework/src/Illuminate/Pipeline/Pipeline.php(183): Illuminate\\Session\\Middleware\\StartSession->handle()
#33 /home/support-03/Dev/wic-doctor/app/Http/Middleware/Installed.php(37): Illuminate\\Pipeline\\Pipeline->Illuminate\\Pipeline\\{closure}()
#34 /home/support-03/Dev/wic-doctor/vendor/laravel/framework/src/Illuminate/Pipeline/Pipeline.php(183): App\\Http\\Middleware\\Installed->handle()
#35 /home/support-03/Dev/wic-doctor/vendor/laravel/framework/src/Illuminate/Cookie/Middleware/AddQueuedCookiesToResponse.php(37): Illuminate\\Pipeline\\Pipeline->Illuminate\\Pipeline\\{closure}()
#36 /home/support-03/Dev/wic-doctor/vendor/laravel/framework/src/Illuminate/Pipeline/Pipeline.php(183): Illuminate\\Cookie\\Middleware\\AddQueuedCookiesToResponse->handle()
#37 /home/support-03/Dev/wic-doctor/vendor/laravel/framework/src/Illuminate/Cookie/Middleware/EncryptCookies.php(67): Illuminate\\Pipeline\\Pipeline->Illuminate\\Pipeline\\{closure}()
#38 /home/support-03/Dev/wic-doctor/vendor/laravel/framework/src/Illuminate/Pipeline/Pipeline.php(183): Illuminate\\Cookie\\Middleware\\EncryptCookies->handle()
#39 /home/support-03/Dev/wic-doctor/vendor/laravel/framework/src/Illuminate/Pipeline/Pipeline.php(119): Illuminate\\Pipeline\\Pipeline->Illuminate\\Pipeline\\{closure}()
#40 /home/support-03/Dev/wic-doctor/vendor/laravel/framework/src/Illuminate/Routing/Router.php(805): Illuminate\\Pipeline\\Pipeline->then()
#41 /home/support-03/Dev/wic-doctor/vendor/laravel/framework/src/Illuminate/Routing/Router.php(784): Illuminate\\Routing\\Router->runRouteWithinStack()
#42 /home/support-03/Dev/wic-doctor/vendor/laravel/framework/src/Illuminate/Routing/Router.php(748): Illuminate\\Routing\\Router->runRoute()
#43 /home/support-03/Dev/wic-doctor/vendor/laravel/framework/src/Illuminate/Routing/Router.php(737): Illuminate\\Routing\\Router->dispatchToRoute()
#44 /home/support-03/Dev/wic-doctor/vendor/laravel/framework/src/Illuminate/Foundation/Http/Kernel.php(200): Illuminate\\Routing\\Router->dispatch()
#45 /home/support-03/Dev/wic-doctor/vendor/laravel/framework/src/Illuminate/Pipeline/Pipeline.php(144): Illuminate\\Foundation\\Http\\Kernel->Illuminate\\Foundation\\Http\\{closure}()
#46 /home/support-03/Dev/wic-doctor/vendor/laravel/framework/src/Illuminate/Foundation/Http/Middleware/TransformsRequest.php(21): Illuminate\\Pipeline\\Pipeline->Illuminate\\Pipeline\\{closure}()
#47 /home/support-03/Dev/wic-doctor/vendor/laravel/framework/src/Illuminate/Foundation/Http/Middleware/ConvertEmptyStringsToNull.php(31): Illuminate\\Foundation\\Http\\Middleware\\TransformsRequest->handle()
#48 /home/support-03/Dev/wic-doctor/vendor/laravel/framework/src/Illuminate/Pipeline/Pipeline.php(183): Illuminate\\Foundation\\Http\\Middleware\\ConvertEmptyStringsToNull->handle()
#49 /home/support-03/Dev/wic-doctor/vendor/laravel/framework/src/Illuminate/Foundation/Http/Middleware/TransformsRequest.php(21): Illuminate\\Pipeline\\Pipeline->Illuminate\\Pipeline\\{closure}()
#50 /home/support-03/Dev/wic-doctor/vendor/laravel/framework/src/Illuminate/Foundation/Http/Middleware/TrimStrings.php(40): Illuminate\\Foundation\\Http\\Middleware\\TransformsRequest->handle()
#51 /home/support-03/Dev/wic-doctor/vendor/laravel/framework/src/Illuminate/Pipeline/Pipeline.php(183): Illuminate\\Foundation\\Http\\Middleware\\TrimStrings->handle()
#52 /home/support-03/Dev/wic-doctor/vendor/laravel/framework/src/Illuminate/Foundation/Http/Middleware/ValidatePostSize.php(27): Illuminate\\Pipeline\\Pipeline->Illuminate\\Pipeline\\{closure}()
#53 /home/support-03/Dev/wic-doctor/vendor/laravel/framework/src/Illuminate/Pipeline/Pipeline.php(183): Illuminate\\Foundation\\Http\\Middleware\\ValidatePostSize->handle()
#54 /home/support-03/Dev/wic-doctor/vendor/laravel/framework/src/Illuminate/Foundation/Http/Middleware/PreventRequestsDuringMaintenance.php(99): Illuminate\\Pipeline\\Pipeline->Illuminate\\Pipeline\\{closure}()
#55 /home/support-03/Dev/wic-doctor/vendor/laravel/framework/src/Illuminate/Pipeline/Pipeline.php(183): Illuminate\\Foundation\\Http\\Middleware\\PreventRequestsDuringMaintenance->handle()
#56 /home/support-03/Dev/wic-doctor/vendor/laravel/framework/src/Illuminate/Http/Middleware/TrustProxies.php(39): Illuminate\\Pipeline\\Pipeline->Illuminate\\Pipeline\\{closure}()
#57 /home/support-03/Dev/wic-doctor/vendor/laravel/framework/src/Illuminate/Pipeline/Pipeline.php(183): Illuminate\\Http\\Middleware\\TrustProxies->handle()
#58 /home/support-03/Dev/wic-doctor/vendor/laravel/framework/src/Illuminate/Pipeline/Pipeline.php(119): Illuminate\\Pipeline\\Pipeline->Illuminate\\Pipeline\\{closure}()
#59 /home/support-03/Dev/wic-doctor/vendor/laravel/framework/src/Illuminate/Foundation/Http/Kernel.php(175): Illuminate\\Pipeline\\Pipeline->then()
#60 /home/support-03/Dev/wic-doctor/vendor/laravel/framework/src/Illuminate/Foundation/Http/Kernel.php(144): Illuminate\\Foundation\\Http\\Kernel->sendRequestThroughRouter()
#61 /home/support-03/Dev/wic-doctor/public/index.php(54): Illuminate\\Foundation\\Http\\Kernel->handle()
#62 /home/support-03/Dev/wic-doctor/server.php(21): require_once('...')
#63 {main}
"} 
[2025-01-24 16:44:21] local.INFO: Checking permission in context {"user_id":121,"permission_name":"patterns.index","doctor_id":134} 
[2025-01-24 16:44:21] local.INFO: Permission granted for doctor role {"user_id":121,"doctor_id":134} 
[2025-01-24 16:44:21] local.INFO: Checking permission in context {"user_id":121,"permission_name":"patterns.create","doctor_id":134} 
[2025-01-24 16:44:21] local.INFO: Permission granted for doctor role {"user_id":121,"doctor_id":134} 
[2025-01-24 16:44:25] local.INFO: Checking permission in context {"user_id":121,"permission_name":"patterns.index","doctor_id":134} 
[2025-01-24 16:44:25] local.INFO: Permission granted for doctor role {"user_id":121,"doctor_id":134} 
[2025-01-24 16:44:25] local.INFO: Checking permission in context {"user_id":121,"permission_name":"patterns.create","doctor_id":134} 
[2025-01-24 16:44:25] local.INFO: Permission granted for doctor role {"user_id":121,"doctor_id":134} 
[2025-01-24 16:46:16] local.INFO: Checking permission in context {"user_id":121,"permission_name":"patterns.index","doctor_id":134} 
[2025-01-24 16:46:16] local.INFO: Permission granted for doctor role {"user_id":121,"doctor_id":134} 
[2025-01-24 16:46:16] local.INFO: Checking permission in context {"user_id":121,"permission_name":"patterns.create","doctor_id":134} 
[2025-01-24 16:46:16] local.INFO: Permission granted for doctor role {"user_id":121,"doctor_id":134} 
[2025-01-24 16:46:18] local.INFO: Checking permission in context {"user_id":121,"permission_name":"patterns.index","doctor_id":134} 
[2025-01-24 16:46:18] local.INFO: Permission granted for doctor role {"user_id":121,"doctor_id":134} 
[2025-01-24 16:46:18] local.INFO: Checking permission in context {"user_id":121,"permission_name":"patterns.create","doctor_id":134} 
[2025-01-24 16:46:18] local.INFO: Permission granted for doctor role {"user_id":121,"doctor_id":134} 
[2025-01-24 16:46:20] local.INFO: Checking permission in context {"user_id":121,"permission_name":"patterns.index","doctor_id":134} 
[2025-01-24 16:46:20] local.INFO: Permission granted for doctor role {"user_id":121,"doctor_id":134} 
[2025-01-24 16:46:20] local.INFO: Checking permission in context {"user_id":121,"permission_name":"patterns.create","doctor_id":134} 
[2025-01-24 16:46:20] local.INFO: Permission granted for doctor role {"user_id":121,"doctor_id":134} 
[2025-01-24 16:46:22] local.ERROR: Class name must be a valid object or a string {"userId":121,"exception":"[object] (Error(code: 0): Class name must be a valid object or a string at /home/support-03/Dev/wic-doctor/app/Http/Controllers/DoctorPermissionController.php:58)
[stacktrace]
#0 /home/support-03/Dev/wic-doctor/vendor/laravel/framework/src/Illuminate/Routing/Controller.php(54): App\\Http\\Controllers\\DoctorPermissionController->fetchUserRoles()
#1 /home/support-03/Dev/wic-doctor/vendor/laravel/framework/src/Illuminate/Routing/ControllerDispatcher.php(43): Illuminate\\Routing\\Controller->callAction()
#2 /home/support-03/Dev/wic-doctor/vendor/laravel/framework/src/Illuminate/Routing/Route.php(259): Illuminate\\Routing\\ControllerDispatcher->dispatch()
#3 /home/support-03/Dev/wic-doctor/vendor/laravel/framework/src/Illuminate/Routing/Route.php(205): Illuminate\\Routing\\Route->runController()
#4 /home/support-03/Dev/wic-doctor/vendor/laravel/framework/src/Illuminate/Routing/Router.php(806): Illuminate\\Routing\\Route->run()
#5 /home/support-03/Dev/wic-doctor/vendor/laravel/framework/src/Illuminate/Pipeline/Pipeline.php(144): Illuminate\\Routing\\Router->Illuminate\\Routing\\{closure}()
#6 /home/support-03/Dev/wic-doctor/app/Http/Middleware/RestrictIp.php(32): Illuminate\\Pipeline\\Pipeline->Illuminate\\Pipeline\\{closure}()
#7 /home/support-03/Dev/wic-doctor/vendor/laravel/framework/src/Illuminate/Pipeline/Pipeline.php(183): App\\Http\\Middleware\\RestrictIp->handle()
#8 /home/support-03/Dev/wic-doctor/app/Http/Middleware/Permissions.php(50): Illuminate\\Pipeline\\Pipeline->Illuminate\\Pipeline\\{closure}()
#9 /home/support-03/Dev/wic-doctor/vendor/laravel/framework/src/Illuminate/Pipeline/Pipeline.php(183): App\\Http\\Middleware\\Permissions->handle()
#10 /home/support-03/Dev/wic-doctor/app/Http/Middleware/Locale.php(42): Illuminate\\Pipeline\\Pipeline->Illuminate\\Pipeline\\{closure}()
#11 /home/support-03/Dev/wic-doctor/vendor/laravel/framework/src/Illuminate/Pipeline/Pipeline.php(183): App\\Http\\Middleware\\Locale->handle()
#12 /home/support-03/Dev/wic-doctor/app/Http/Middleware/App.php(51): Illuminate\\Pipeline\\Pipeline->Illuminate\\Pipeline\\{closure}()
#13 /home/support-03/Dev/wic-doctor/vendor/laravel/framework/src/Illuminate/Pipeline/Pipeline.php(183): App\\Http\\Middleware\\App->handle()
#14 /home/support-03/Dev/wic-doctor/vendor/anlutro/l4-settings/src/SaveMiddleware.php(50): Illuminate\\Pipeline\\Pipeline->Illuminate\\Pipeline\\{closure}()
#15 /home/support-03/Dev/wic-doctor/vendor/laravel/framework/src/Illuminate/Pipeline/Pipeline.php(183): anlutro\\LaravelSettings\\SaveMiddleware->handle()
#16 /home/support-03/Dev/wic-doctor/vendor/laravel/framework/src/Illuminate/Routing/Middleware/SubstituteBindings.php(50): Illuminate\\Pipeline\\Pipeline->Illuminate\\Pipeline\\{closure}()
#17 /home/support-03/Dev/wic-doctor/vendor/laravel/framework/src/Illuminate/Pipeline/Pipeline.php(183): Illuminate\\Routing\\Middleware\\SubstituteBindings->handle()
#18 /home/support-03/Dev/wic-doctor/vendor/laravel/framework/src/Illuminate/Foundation/Http/Middleware/VerifyCsrfToken.php(78): Illuminate\\Pipeline\\Pipeline->Illuminate\\Pipeline\\{closure}()
#19 /home/support-03/Dev/wic-doctor/vendor/laravel/framework/src/Illuminate/Pipeline/Pipeline.php(183): Illuminate\\Foundation\\Http\\Middleware\\VerifyCsrfToken->handle()
#20 /home/support-03/Dev/wic-doctor/vendor/laravel/framework/src/Illuminate/Session/Middleware/AuthenticateSession.php(60): Illuminate\\Pipeline\\Pipeline->Illuminate\\Pipeline\\{closure}()
#21 /home/support-03/Dev/wic-doctor/vendor/laravel/framework/src/Illuminate/Pipeline/Pipeline.php(183): Illuminate\\Session\\Middleware\\AuthenticateSession->handle()
#22 /home/support-03/Dev/wic-doctor/vendor/laravel/framework/src/Illuminate/View/Middleware/ShareErrorsFromSession.php(49): Illuminate\\Pipeline\\Pipeline->Illuminate\\Pipeline\\{closure}()
#23 /home/support-03/Dev/wic-doctor/vendor/laravel/framework/src/Illuminate/Pipeline/Pipeline.php(183): Illuminate\\View\\Middleware\\ShareErrorsFromSession->handle()
#24 /home/support-03/Dev/wic-doctor/vendor/laravel/framework/src/Illuminate/Session/Middleware/StartSession.php(121): Illuminate\\Pipeline\\Pipeline->Illuminate\\Pipeline\\{closure}()
#25 /home/support-03/Dev/wic-doctor/vendor/laravel/framework/src/Illuminate/Session/Middleware/StartSession.php(64): Illuminate\\Session\\Middleware\\StartSession->handleStatefulRequest()
#26 /home/support-03/Dev/wic-doctor/vendor/laravel/framework/src/Illuminate/Pipeline/Pipeline.php(183): Illuminate\\Session\\Middleware\\StartSession->handle()
#27 /home/support-03/Dev/wic-doctor/app/Http/Middleware/Installed.php(37): Illuminate\\Pipeline\\Pipeline->Illuminate\\Pipeline\\{closure}()
#28 /home/support-03/Dev/wic-doctor/vendor/laravel/framework/src/Illuminate/Pipeline/Pipeline.php(183): App\\Http\\Middleware\\Installed->handle()
#29 /home/support-03/Dev/wic-doctor/vendor/laravel/framework/src/Illuminate/Cookie/Middleware/AddQueuedCookiesToResponse.php(37): Illuminate\\Pipeline\\Pipeline->Illuminate\\Pipeline\\{closure}()
#30 /home/support-03/Dev/wic-doctor/vendor/laravel/framework/src/Illuminate/Pipeline/Pipeline.php(183): Illuminate\\Cookie\\Middleware\\AddQueuedCookiesToResponse->handle()
#31 /home/support-03/Dev/wic-doctor/vendor/laravel/framework/src/Illuminate/Cookie/Middleware/EncryptCookies.php(67): Illuminate\\Pipeline\\Pipeline->Illuminate\\Pipeline\\{closure}()
#32 /home/support-03/Dev/wic-doctor/vendor/laravel/framework/src/Illuminate/Pipeline/Pipeline.php(183): Illuminate\\Cookie\\Middleware\\EncryptCookies->handle()
#33 /home/support-03/Dev/wic-doctor/vendor/laravel/framework/src/Illuminate/Pipeline/Pipeline.php(119): Illuminate\\Pipeline\\Pipeline->Illuminate\\Pipeline\\{closure}()
#34 /home/support-03/Dev/wic-doctor/vendor/laravel/framework/src/Illuminate/Routing/Router.php(805): Illuminate\\Pipeline\\Pipeline->then()
#35 /home/support-03/Dev/wic-doctor/vendor/laravel/framework/src/Illuminate/Routing/Router.php(784): Illuminate\\Routing\\Router->runRouteWithinStack()
#36 /home/support-03/Dev/wic-doctor/vendor/laravel/framework/src/Illuminate/Routing/Router.php(748): Illuminate\\Routing\\Router->runRoute()
#37 /home/support-03/Dev/wic-doctor/vendor/laravel/framework/src/Illuminate/Routing/Router.php(737): Illuminate\\Routing\\Router->dispatchToRoute()
#38 /home/support-03/Dev/wic-doctor/vendor/laravel/framework/src/Illuminate/Foundation/Http/Kernel.php(200): Illuminate\\Routing\\Router->dispatch()
#39 /home/support-03/Dev/wic-doctor/vendor/laravel/framework/src/Illuminate/Pipeline/Pipeline.php(144): Illuminate\\Foundation\\Http\\Kernel->Illuminate\\Foundation\\Http\\{closure}()
#40 /home/support-03/Dev/wic-doctor/vendor/laravel/framework/src/Illuminate/Foundation/Http/Middleware/TransformsRequest.php(21): Illuminate\\Pipeline\\Pipeline->Illuminate\\Pipeline\\{closure}()
#41 /home/support-03/Dev/wic-doctor/vendor/laravel/framework/src/Illuminate/Foundation/Http/Middleware/ConvertEmptyStringsToNull.php(31): Illuminate\\Foundation\\Http\\Middleware\\TransformsRequest->handle()
#42 /home/support-03/Dev/wic-doctor/vendor/laravel/framework/src/Illuminate/Pipeline/Pipeline.php(183): Illuminate\\Foundation\\Http\\Middleware\\ConvertEmptyStringsToNull->handle()
#43 /home/support-03/Dev/wic-doctor/vendor/laravel/framework/src/Illuminate/Foundation/Http/Middleware/TransformsRequest.php(21): Illuminate\\Pipeline\\Pipeline->Illuminate\\Pipeline\\{closure}()
#44 /home/support-03/Dev/wic-doctor/vendor/laravel/framework/src/Illuminate/Foundation/Http/Middleware/TrimStrings.php(40): Illuminate\\Foundation\\Http\\Middleware\\TransformsRequest->handle()
#45 /home/support-03/Dev/wic-doctor/vendor/laravel/framework/src/Illuminate/Pipeline/Pipeline.php(183): Illuminate\\Foundation\\Http\\Middleware\\TrimStrings->handle()
#46 /home/support-03/Dev/wic-doctor/vendor/laravel/framework/src/Illuminate/Foundation/Http/Middleware/ValidatePostSize.php(27): Illuminate\\Pipeline\\Pipeline->Illuminate\\Pipeline\\{closure}()
#47 /home/support-03/Dev/wic-doctor/vendor/laravel/framework/src/Illuminate/Pipeline/Pipeline.php(183): Illuminate\\Foundation\\Http\\Middleware\\ValidatePostSize->handle()
#48 /home/support-03/Dev/wic-doctor/vendor/laravel/framework/src/Illuminate/Foundation/Http/Middleware/PreventRequestsDuringMaintenance.php(99): Illuminate\\Pipeline\\Pipeline->Illuminate\\Pipeline\\{closure}()
#49 /home/support-03/Dev/wic-doctor/vendor/laravel/framework/src/Illuminate/Pipeline/Pipeline.php(183): Illuminate\\Foundation\\Http\\Middleware\\PreventRequestsDuringMaintenance->handle()
#50 /home/support-03/Dev/wic-doctor/vendor/laravel/framework/src/Illuminate/Http/Middleware/TrustProxies.php(39): Illuminate\\Pipeline\\Pipeline->Illuminate\\Pipeline\\{closure}()
#51 /home/support-03/Dev/wic-doctor/vendor/laravel/framework/src/Illuminate/Pipeline/Pipeline.php(183): Illuminate\\Http\\Middleware\\TrustProxies->handle()
#52 /home/support-03/Dev/wic-doctor/vendor/laravel/framework/src/Illuminate/Pipeline/Pipeline.php(119): Illuminate\\Pipeline\\Pipeline->Illuminate\\Pipeline\\{closure}()
#53 /home/support-03/Dev/wic-doctor/vendor/laravel/framework/src/Illuminate/Foundation/Http/Kernel.php(175): Illuminate\\Pipeline\\Pipeline->then()
#54 /home/support-03/Dev/wic-doctor/vendor/laravel/framework/src/Illuminate/Foundation/Http/Kernel.php(144): Illuminate\\Foundation\\Http\\Kernel->sendRequestThroughRouter()
#55 /home/support-03/Dev/wic-doctor/public/index.php(54): Illuminate\\Foundation\\Http\\Kernel->handle()
#56 /home/support-03/Dev/wic-doctor/server.php(21): require_once('...')
#57 {main}
"} 
[2025-01-24 16:46:26] local.ERROR: Class name must be a valid object or a string {"userId":121,"exception":"[object] (Error(code: 0): Class name must be a valid object or a string at /home/support-03/Dev/wic-doctor/app/Http/Controllers/DoctorPermissionController.php:58)
[stacktrace]
#0 /home/support-03/Dev/wic-doctor/vendor/laravel/framework/src/Illuminate/Routing/Controller.php(54): App\\Http\\Controllers\\DoctorPermissionController->fetchUserRoles()
#1 /home/support-03/Dev/wic-doctor/vendor/laravel/framework/src/Illuminate/Routing/ControllerDispatcher.php(43): Illuminate\\Routing\\Controller->callAction()
#2 /home/support-03/Dev/wic-doctor/vendor/laravel/framework/src/Illuminate/Routing/Route.php(259): Illuminate\\Routing\\ControllerDispatcher->dispatch()
#3 /home/support-03/Dev/wic-doctor/vendor/laravel/framework/src/Illuminate/Routing/Route.php(205): Illuminate\\Routing\\Route->runController()
#4 /home/support-03/Dev/wic-doctor/vendor/laravel/framework/src/Illuminate/Routing/Router.php(806): Illuminate\\Routing\\Route->run()
#5 /home/support-03/Dev/wic-doctor/vendor/laravel/framework/src/Illuminate/Pipeline/Pipeline.php(144): Illuminate\\Routing\\Router->Illuminate\\Routing\\{closure}()
#6 /home/support-03/Dev/wic-doctor/app/Http/Middleware/RestrictIp.php(32): Illuminate\\Pipeline\\Pipeline->Illuminate\\Pipeline\\{closure}()
#7 /home/support-03/Dev/wic-doctor/vendor/laravel/framework/src/Illuminate/Pipeline/Pipeline.php(183): App\\Http\\Middleware\\RestrictIp->handle()
#8 /home/support-03/Dev/wic-doctor/app/Http/Middleware/Permissions.php(50): Illuminate\\Pipeline\\Pipeline->Illuminate\\Pipeline\\{closure}()
#9 /home/support-03/Dev/wic-doctor/vendor/laravel/framework/src/Illuminate/Pipeline/Pipeline.php(183): App\\Http\\Middleware\\Permissions->handle()
#10 /home/support-03/Dev/wic-doctor/app/Http/Middleware/Locale.php(42): Illuminate\\Pipeline\\Pipeline->Illuminate\\Pipeline\\{closure}()
#11 /home/support-03/Dev/wic-doctor/vendor/laravel/framework/src/Illuminate/Pipeline/Pipeline.php(183): App\\Http\\Middleware\\Locale->handle()
#12 /home/support-03/Dev/wic-doctor/app/Http/Middleware/App.php(51): Illuminate\\Pipeline\\Pipeline->Illuminate\\Pipeline\\{closure}()
#13 /home/support-03/Dev/wic-doctor/vendor/laravel/framework/src/Illuminate/Pipeline/Pipeline.php(183): App\\Http\\Middleware\\App->handle()
#14 /home/support-03/Dev/wic-doctor/vendor/anlutro/l4-settings/src/SaveMiddleware.php(50): Illuminate\\Pipeline\\Pipeline->Illuminate\\Pipeline\\{closure}()
#15 /home/support-03/Dev/wic-doctor/vendor/laravel/framework/src/Illuminate/Pipeline/Pipeline.php(183): anlutro\\LaravelSettings\\SaveMiddleware->handle()
#16 /home/support-03/Dev/wic-doctor/vendor/laravel/framework/src/Illuminate/Routing/Middleware/SubstituteBindings.php(50): Illuminate\\Pipeline\\Pipeline->Illuminate\\Pipeline\\{closure}()
#17 /home/support-03/Dev/wic-doctor/vendor/laravel/framework/src/Illuminate/Pipeline/Pipeline.php(183): Illuminate\\Routing\\Middleware\\SubstituteBindings->handle()
#18 /home/support-03/Dev/wic-doctor/vendor/laravel/framework/src/Illuminate/Foundation/Http/Middleware/VerifyCsrfToken.php(78): Illuminate\\Pipeline\\Pipeline->Illuminate\\Pipeline\\{closure}()
#19 /home/support-03/Dev/wic-doctor/vendor/laravel/framework/src/Illuminate/Pipeline/Pipeline.php(183): Illuminate\\Foundation\\Http\\Middleware\\VerifyCsrfToken->handle()
#20 /home/support-03/Dev/wic-doctor/vendor/laravel/framework/src/Illuminate/Session/Middleware/AuthenticateSession.php(60): Illuminate\\Pipeline\\Pipeline->Illuminate\\Pipeline\\{closure}()
#21 /home/support-03/Dev/wic-doctor/vendor/laravel/framework/src/Illuminate/Pipeline/Pipeline.php(183): Illuminate\\Session\\Middleware\\AuthenticateSession->handle()
#22 /home/support-03/Dev/wic-doctor/vendor/laravel/framework/src/Illuminate/View/Middleware/ShareErrorsFromSession.php(49): Illuminate\\Pipeline\\Pipeline->Illuminate\\Pipeline\\{closure}()
#23 /home/support-03/Dev/wic-doctor/vendor/laravel/framework/src/Illuminate/Pipeline/Pipeline.php(183): Illuminate\\View\\Middleware\\ShareErrorsFromSession->handle()
#24 /home/support-03/Dev/wic-doctor/vendor/laravel/framework/src/Illuminate/Session/Middleware/StartSession.php(121): Illuminate\\Pipeline\\Pipeline->Illuminate\\Pipeline\\{closure}()
#25 /home/support-03/Dev/wic-doctor/vendor/laravel/framework/src/Illuminate/Session/Middleware/StartSession.php(64): Illuminate\\Session\\Middleware\\StartSession->handleStatefulRequest()
#26 /home/support-03/Dev/wic-doctor/vendor/laravel/framework/src/Illuminate/Pipeline/Pipeline.php(183): Illuminate\\Session\\Middleware\\StartSession->handle()
#27 /home/support-03/Dev/wic-doctor/app/Http/Middleware/Installed.php(37): Illuminate\\Pipeline\\Pipeline->Illuminate\\Pipeline\\{closure}()
#28 /home/support-03/Dev/wic-doctor/vendor/laravel/framework/src/Illuminate/Pipeline/Pipeline.php(183): App\\Http\\Middleware\\Installed->handle()
#29 /home/support-03/Dev/wic-doctor/vendor/laravel/framework/src/Illuminate/Cookie/Middleware/AddQueuedCookiesToResponse.php(37): Illuminate\\Pipeline\\Pipeline->Illuminate\\Pipeline\\{closure}()
#30 /home/support-03/Dev/wic-doctor/vendor/laravel/framework/src/Illuminate/Pipeline/Pipeline.php(183): Illuminate\\Cookie\\Middleware\\AddQueuedCookiesToResponse->handle()
#31 /home/support-03/Dev/wic-doctor/vendor/laravel/framework/src/Illuminate/Cookie/Middleware/EncryptCookies.php(67): Illuminate\\Pipeline\\Pipeline->Illuminate\\Pipeline\\{closure}()
#32 /home/support-03/Dev/wic-doctor/vendor/laravel/framework/src/Illuminate/Pipeline/Pipeline.php(183): Illuminate\\Cookie\\Middleware\\EncryptCookies->handle()
#33 /home/support-03/Dev/wic-doctor/vendor/laravel/framework/src/Illuminate/Pipeline/Pipeline.php(119): Illuminate\\Pipeline\\Pipeline->Illuminate\\Pipeline\\{closure}()
#34 /home/support-03/Dev/wic-doctor/vendor/laravel/framework/src/Illuminate/Routing/Router.php(805): Illuminate\\Pipeline\\Pipeline->then()
#35 /home/support-03/Dev/wic-doctor/vendor/laravel/framework/src/Illuminate/Routing/Router.php(784): Illuminate\\Routing\\Router->runRouteWithinStack()
#36 /home/support-03/Dev/wic-doctor/vendor/laravel/framework/src/Illuminate/Routing/Router.php(748): Illuminate\\Routing\\Router->runRoute()
#37 /home/support-03/Dev/wic-doctor/vendor/laravel/framework/src/Illuminate/Routing/Router.php(737): Illuminate\\Routing\\Router->dispatchToRoute()
#38 /home/support-03/Dev/wic-doctor/vendor/laravel/framework/src/Illuminate/Foundation/Http/Kernel.php(200): Illuminate\\Routing\\Router->dispatch()
#39 /home/support-03/Dev/wic-doctor/vendor/laravel/framework/src/Illuminate/Pipeline/Pipeline.php(144): Illuminate\\Foundation\\Http\\Kernel->Illuminate\\Foundation\\Http\\{closure}()
#40 /home/support-03/Dev/wic-doctor/vendor/laravel/framework/src/Illuminate/Foundation/Http/Middleware/TransformsRequest.php(21): Illuminate\\Pipeline\\Pipeline->Illuminate\\Pipeline\\{closure}()
#41 /home/support-03/Dev/wic-doctor/vendor/laravel/framework/src/Illuminate/Foundation/Http/Middleware/ConvertEmptyStringsToNull.php(31): Illuminate\\Foundation\\Http\\Middleware\\TransformsRequest->handle()
#42 /home/support-03/Dev/wic-doctor/vendor/laravel/framework/src/Illuminate/Pipeline/Pipeline.php(183): Illuminate\\Foundation\\Http\\Middleware\\ConvertEmptyStringsToNull->handle()
#43 /home/support-03/Dev/wic-doctor/vendor/laravel/framework/src/Illuminate/Foundation/Http/Middleware/TransformsRequest.php(21): Illuminate\\Pipeline\\Pipeline->Illuminate\\Pipeline\\{closure}()
#44 /home/support-03/Dev/wic-doctor/vendor/laravel/framework/src/Illuminate/Foundation/Http/Middleware/TrimStrings.php(40): Illuminate\\Foundation\\Http\\Middleware\\TransformsRequest->handle()
#45 /home/support-03/Dev/wic-doctor/vendor/laravel/framework/src/Illuminate/Pipeline/Pipeline.php(183): Illuminate\\Foundation\\Http\\Middleware\\TrimStrings->handle()
#46 /home/support-03/Dev/wic-doctor/vendor/laravel/framework/src/Illuminate/Foundation/Http/Middleware/ValidatePostSize.php(27): Illuminate\\Pipeline\\Pipeline->Illuminate\\Pipeline\\{closure}()
#47 /home/support-03/Dev/wic-doctor/vendor/laravel/framework/src/Illuminate/Pipeline/Pipeline.php(183): Illuminate\\Foundation\\Http\\Middleware\\ValidatePostSize->handle()
#48 /home/support-03/Dev/wic-doctor/vendor/laravel/framework/src/Illuminate/Foundation/Http/Middleware/PreventRequestsDuringMaintenance.php(99): Illuminate\\Pipeline\\Pipeline->Illuminate\\Pipeline\\{closure}()
#49 /home/support-03/Dev/wic-doctor/vendor/laravel/framework/src/Illuminate/Pipeline/Pipeline.php(183): Illuminate\\Foundation\\Http\\Middleware\\PreventRequestsDuringMaintenance->handle()
#50 /home/support-03/Dev/wic-doctor/vendor/laravel/framework/src/Illuminate/Http/Middleware/TrustProxies.php(39): Illuminate\\Pipeline\\Pipeline->Illuminate\\Pipeline\\{closure}()
#51 /home/support-03/Dev/wic-doctor/vendor/laravel/framework/src/Illuminate/Pipeline/Pipeline.php(183): Illuminate\\Http\\Middleware\\TrustProxies->handle()
#52 /home/support-03/Dev/wic-doctor/vendor/laravel/framework/src/Illuminate/Pipeline/Pipeline.php(119): Illuminate\\Pipeline\\Pipeline->Illuminate\\Pipeline\\{closure}()
#53 /home/support-03/Dev/wic-doctor/vendor/laravel/framework/src/Illuminate/Foundation/Http/Kernel.php(175): Illuminate\\Pipeline\\Pipeline->then()
#54 /home/support-03/Dev/wic-doctor/vendor/laravel/framework/src/Illuminate/Foundation/Http/Kernel.php(144): Illuminate\\Foundation\\Http\\Kernel->sendRequestThroughRouter()
#55 /home/support-03/Dev/wic-doctor/public/index.php(54): Illuminate\\Foundation\\Http\\Kernel->handle()
#56 /home/support-03/Dev/wic-doctor/server.php(21): require_once('...')
#57 {main}
"} 
[2025-01-24 16:46:27] local.INFO: Checking permission in context {"user_id":121,"permission_name":"patterns.index","doctor_id":134} 
[2025-01-24 16:46:27] local.INFO: Permission granted for doctor role {"user_id":121,"doctor_id":134} 
[2025-01-24 16:46:27] local.INFO: Checking permission in context {"user_id":121,"permission_name":"patterns.create","doctor_id":134} 
[2025-01-24 16:46:27] local.INFO: Permission granted for doctor role {"user_id":121,"doctor_id":134} 
[2025-01-24 16:46:30] local.INFO: Checking permission in context {"user_id":121,"permission_name":"patterns.index","doctor_id":134} 
[2025-01-24 16:46:30] local.INFO: Permission granted for doctor role {"user_id":121,"doctor_id":134} 
[2025-01-24 16:46:30] local.INFO: Checking permission in context {"user_id":121,"permission_name":"patterns.create","doctor_id":134} 
[2025-01-24 16:46:30] local.INFO: Permission granted for doctor role {"user_id":121,"doctor_id":134} 
[2025-01-24 16:46:32] local.ERROR: Class name must be a valid object or a string {"userId":121,"exception":"[object] (Error(code: 0): Class name must be a valid object or a string at /home/support-03/Dev/wic-doctor/app/Http/Controllers/DoctorPermissionController.php:58)
[stacktrace]
#0 /home/support-03/Dev/wic-doctor/vendor/laravel/framework/src/Illuminate/Routing/Controller.php(54): App\\Http\\Controllers\\DoctorPermissionController->fetchUserRoles()
#1 /home/support-03/Dev/wic-doctor/vendor/laravel/framework/src/Illuminate/Routing/ControllerDispatcher.php(43): Illuminate\\Routing\\Controller->callAction()
#2 /home/support-03/Dev/wic-doctor/vendor/laravel/framework/src/Illuminate/Routing/Route.php(259): Illuminate\\Routing\\ControllerDispatcher->dispatch()
#3 /home/support-03/Dev/wic-doctor/vendor/laravel/framework/src/Illuminate/Routing/Route.php(205): Illuminate\\Routing\\Route->runController()
#4 /home/support-03/Dev/wic-doctor/vendor/laravel/framework/src/Illuminate/Routing/Router.php(806): Illuminate\\Routing\\Route->run()
#5 /home/support-03/Dev/wic-doctor/vendor/laravel/framework/src/Illuminate/Pipeline/Pipeline.php(144): Illuminate\\Routing\\Router->Illuminate\\Routing\\{closure}()
#6 /home/support-03/Dev/wic-doctor/app/Http/Middleware/RestrictIp.php(32): Illuminate\\Pipeline\\Pipeline->Illuminate\\Pipeline\\{closure}()
#7 /home/support-03/Dev/wic-doctor/vendor/laravel/framework/src/Illuminate/Pipeline/Pipeline.php(183): App\\Http\\Middleware\\RestrictIp->handle()
#8 /home/support-03/Dev/wic-doctor/app/Http/Middleware/Permissions.php(50): Illuminate\\Pipeline\\Pipeline->Illuminate\\Pipeline\\{closure}()
#9 /home/support-03/Dev/wic-doctor/vendor/laravel/framework/src/Illuminate/Pipeline/Pipeline.php(183): App\\Http\\Middleware\\Permissions->handle()
#10 /home/support-03/Dev/wic-doctor/app/Http/Middleware/Locale.php(42): Illuminate\\Pipeline\\Pipeline->Illuminate\\Pipeline\\{closure}()
#11 /home/support-03/Dev/wic-doctor/vendor/laravel/framework/src/Illuminate/Pipeline/Pipeline.php(183): App\\Http\\Middleware\\Locale->handle()
#12 /home/support-03/Dev/wic-doctor/app/Http/Middleware/App.php(51): Illuminate\\Pipeline\\Pipeline->Illuminate\\Pipeline\\{closure}()
#13 /home/support-03/Dev/wic-doctor/vendor/laravel/framework/src/Illuminate/Pipeline/Pipeline.php(183): App\\Http\\Middleware\\App->handle()
#14 /home/support-03/Dev/wic-doctor/vendor/anlutro/l4-settings/src/SaveMiddleware.php(50): Illuminate\\Pipeline\\Pipeline->Illuminate\\Pipeline\\{closure}()
#15 /home/support-03/Dev/wic-doctor/vendor/laravel/framework/src/Illuminate/Pipeline/Pipeline.php(183): anlutro\\LaravelSettings\\SaveMiddleware->handle()
#16 /home/support-03/Dev/wic-doctor/vendor/laravel/framework/src/Illuminate/Routing/Middleware/SubstituteBindings.php(50): Illuminate\\Pipeline\\Pipeline->Illuminate\\Pipeline\\{closure}()
#17 /home/support-03/Dev/wic-doctor/vendor/laravel/framework/src/Illuminate/Pipeline/Pipeline.php(183): Illuminate\\Routing\\Middleware\\SubstituteBindings->handle()
#18 /home/support-03/Dev/wic-doctor/vendor/laravel/framework/src/Illuminate/Foundation/Http/Middleware/VerifyCsrfToken.php(78): Illuminate\\Pipeline\\Pipeline->Illuminate\\Pipeline\\{closure}()
#19 /home/support-03/Dev/wic-doctor/vendor/laravel/framework/src/Illuminate/Pipeline/Pipeline.php(183): Illuminate\\Foundation\\Http\\Middleware\\VerifyCsrfToken->handle()
#20 /home/support-03/Dev/wic-doctor/vendor/laravel/framework/src/Illuminate/Session/Middleware/AuthenticateSession.php(60): Illuminate\\Pipeline\\Pipeline->Illuminate\\Pipeline\\{closure}()
#21 /home/support-03/Dev/wic-doctor/vendor/laravel/framework/src/Illuminate/Pipeline/Pipeline.php(183): Illuminate\\Session\\Middleware\\AuthenticateSession->handle()
#22 /home/support-03/Dev/wic-doctor/vendor/laravel/framework/src/Illuminate/View/Middleware/ShareErrorsFromSession.php(49): Illuminate\\Pipeline\\Pipeline->Illuminate\\Pipeline\\{closure}()
#23 /home/support-03/Dev/wic-doctor/vendor/laravel/framework/src/Illuminate/Pipeline/Pipeline.php(183): Illuminate\\View\\Middleware\\ShareErrorsFromSession->handle()
#24 /home/support-03/Dev/wic-doctor/vendor/laravel/framework/src/Illuminate/Session/Middleware/StartSession.php(121): Illuminate\\Pipeline\\Pipeline->Illuminate\\Pipeline\\{closure}()
#25 /home/support-03/Dev/wic-doctor/vendor/laravel/framework/src/Illuminate/Session/Middleware/StartSession.php(64): Illuminate\\Session\\Middleware\\StartSession->handleStatefulRequest()
#26 /home/support-03/Dev/wic-doctor/vendor/laravel/framework/src/Illuminate/Pipeline/Pipeline.php(183): Illuminate\\Session\\Middleware\\StartSession->handle()
#27 /home/support-03/Dev/wic-doctor/app/Http/Middleware/Installed.php(37): Illuminate\\Pipeline\\Pipeline->Illuminate\\Pipeline\\{closure}()
#28 /home/support-03/Dev/wic-doctor/vendor/laravel/framework/src/Illuminate/Pipeline/Pipeline.php(183): App\\Http\\Middleware\\Installed->handle()
#29 /home/support-03/Dev/wic-doctor/vendor/laravel/framework/src/Illuminate/Cookie/Middleware/AddQueuedCookiesToResponse.php(37): Illuminate\\Pipeline\\Pipeline->Illuminate\\Pipeline\\{closure}()
#30 /home/support-03/Dev/wic-doctor/vendor/laravel/framework/src/Illuminate/Pipeline/Pipeline.php(183): Illuminate\\Cookie\\Middleware\\AddQueuedCookiesToResponse->handle()
#31 /home/support-03/Dev/wic-doctor/vendor/laravel/framework/src/Illuminate/Cookie/Middleware/EncryptCookies.php(67): Illuminate\\Pipeline\\Pipeline->Illuminate\\Pipeline\\{closure}()
#32 /home/support-03/Dev/wic-doctor/vendor/laravel/framework/src/Illuminate/Pipeline/Pipeline.php(183): Illuminate\\Cookie\\Middleware\\EncryptCookies->handle()
#33 /home/support-03/Dev/wic-doctor/vendor/laravel/framework/src/Illuminate/Pipeline/Pipeline.php(119): Illuminate\\Pipeline\\Pipeline->Illuminate\\Pipeline\\{closure}()
#34 /home/support-03/Dev/wic-doctor/vendor/laravel/framework/src/Illuminate/Routing/Router.php(805): Illuminate\\Pipeline\\Pipeline->then()
#35 /home/support-03/Dev/wic-doctor/vendor/laravel/framework/src/Illuminate/Routing/Router.php(784): Illuminate\\Routing\\Router->runRouteWithinStack()
#36 /home/support-03/Dev/wic-doctor/vendor/laravel/framework/src/Illuminate/Routing/Router.php(748): Illuminate\\Routing\\Router->runRoute()
#37 /home/support-03/Dev/wic-doctor/vendor/laravel/framework/src/Illuminate/Routing/Router.php(737): Illuminate\\Routing\\Router->dispatchToRoute()
#38 /home/support-03/Dev/wic-doctor/vendor/laravel/framework/src/Illuminate/Foundation/Http/Kernel.php(200): Illuminate\\Routing\\Router->dispatch()
#39 /home/support-03/Dev/wic-doctor/vendor/laravel/framework/src/Illuminate/Pipeline/Pipeline.php(144): Illuminate\\Foundation\\Http\\Kernel->Illuminate\\Foundation\\Http\\{closure}()
#40 /home/support-03/Dev/wic-doctor/vendor/laravel/framework/src/Illuminate/Foundation/Http/Middleware/TransformsRequest.php(21): Illuminate\\Pipeline\\Pipeline->Illuminate\\Pipeline\\{closure}()
#41 /home/support-03/Dev/wic-doctor/vendor/laravel/framework/src/Illuminate/Foundation/Http/Middleware/ConvertEmptyStringsToNull.php(31): Illuminate\\Foundation\\Http\\Middleware\\TransformsRequest->handle()
#42 /home/support-03/Dev/wic-doctor/vendor/laravel/framework/src/Illuminate/Pipeline/Pipeline.php(183): Illuminate\\Foundation\\Http\\Middleware\\ConvertEmptyStringsToNull->handle()
#43 /home/support-03/Dev/wic-doctor/vendor/laravel/framework/src/Illuminate/Foundation/Http/Middleware/TransformsRequest.php(21): Illuminate\\Pipeline\\Pipeline->Illuminate\\Pipeline\\{closure}()
#44 /home/support-03/Dev/wic-doctor/vendor/laravel/framework/src/Illuminate/Foundation/Http/Middleware/TrimStrings.php(40): Illuminate\\Foundation\\Http\\Middleware\\TransformsRequest->handle()
#45 /home/support-03/Dev/wic-doctor/vendor/laravel/framework/src/Illuminate/Pipeline/Pipeline.php(183): Illuminate\\Foundation\\Http\\Middleware\\TrimStrings->handle()
#46 /home/support-03/Dev/wic-doctor/vendor/laravel/framework/src/Illuminate/Foundation/Http/Middleware/ValidatePostSize.php(27): Illuminate\\Pipeline\\Pipeline->Illuminate\\Pipeline\\{closure}()
#47 /home/support-03/Dev/wic-doctor/vendor/laravel/framework/src/Illuminate/Pipeline/Pipeline.php(183): Illuminate\\Foundation\\Http\\Middleware\\ValidatePostSize->handle()
#48 /home/support-03/Dev/wic-doctor/vendor/laravel/framework/src/Illuminate/Foundation/Http/Middleware/PreventRequestsDuringMaintenance.php(99): Illuminate\\Pipeline\\Pipeline->Illuminate\\Pipeline\\{closure}()
#49 /home/support-03/Dev/wic-doctor/vendor/laravel/framework/src/Illuminate/Pipeline/Pipeline.php(183): Illuminate\\Foundation\\Http\\Middleware\\PreventRequestsDuringMaintenance->handle()
#50 /home/support-03/Dev/wic-doctor/vendor/laravel/framework/src/Illuminate/Http/Middleware/TrustProxies.php(39): Illuminate\\Pipeline\\Pipeline->Illuminate\\Pipeline\\{closure}()
#51 /home/support-03/Dev/wic-doctor/vendor/laravel/framework/src/Illuminate/Pipeline/Pipeline.php(183): Illuminate\\Http\\Middleware\\TrustProxies->handle()
#52 /home/support-03/Dev/wic-doctor/vendor/laravel/framework/src/Illuminate/Pipeline/Pipeline.php(119): Illuminate\\Pipeline\\Pipeline->Illuminate\\Pipeline\\{closure}()
#53 /home/support-03/Dev/wic-doctor/vendor/laravel/framework/src/Illuminate/Foundation/Http/Kernel.php(175): Illuminate\\Pipeline\\Pipeline->then()
#54 /home/support-03/Dev/wic-doctor/vendor/laravel/framework/src/Illuminate/Foundation/Http/Kernel.php(144): Illuminate\\Foundation\\Http\\Kernel->sendRequestThroughRouter()
#55 /home/support-03/Dev/wic-doctor/public/index.php(54): Illuminate\\Foundation\\Http\\Kernel->handle()
#56 /home/support-03/Dev/wic-doctor/server.php(21): require_once('...')
#57 {main}
"} 
[2025-01-24 16:46:33] local.INFO: Checking permission in context {"user_id":121,"permission_name":"patterns.index","doctor_id":134} 
[2025-01-24 16:46:33] local.INFO: Permission granted for doctor role {"user_id":121,"doctor_id":134} 
[2025-01-24 16:46:33] local.INFO: Checking permission in context {"user_id":121,"permission_name":"patterns.create","doctor_id":134} 
[2025-01-24 16:46:33] local.INFO: Permission granted for doctor role {"user_id":121,"doctor_id":134} 
[2025-01-24 16:46:36] local.ERROR: Class name must be a valid object or a string {"userId":121,"exception":"[object] (Error(code: 0): Class name must be a valid object or a string at /home/support-03/Dev/wic-doctor/app/Http/Controllers/DoctorPermissionController.php:58)
[stacktrace]
#0 /home/support-03/Dev/wic-doctor/vendor/laravel/framework/src/Illuminate/Routing/Controller.php(54): App\\Http\\Controllers\\DoctorPermissionController->fetchUserRoles()
#1 /home/support-03/Dev/wic-doctor/vendor/laravel/framework/src/Illuminate/Routing/ControllerDispatcher.php(43): Illuminate\\Routing\\Controller->callAction()
#2 /home/support-03/Dev/wic-doctor/vendor/laravel/framework/src/Illuminate/Routing/Route.php(259): Illuminate\\Routing\\ControllerDispatcher->dispatch()
#3 /home/support-03/Dev/wic-doctor/vendor/laravel/framework/src/Illuminate/Routing/Route.php(205): Illuminate\\Routing\\Route->runController()
#4 /home/support-03/Dev/wic-doctor/vendor/laravel/framework/src/Illuminate/Routing/Router.php(806): Illuminate\\Routing\\Route->run()
#5 /home/support-03/Dev/wic-doctor/vendor/laravel/framework/src/Illuminate/Pipeline/Pipeline.php(144): Illuminate\\Routing\\Router->Illuminate\\Routing\\{closure}()
#6 /home/support-03/Dev/wic-doctor/app/Http/Middleware/RestrictIp.php(32): Illuminate\\Pipeline\\Pipeline->Illuminate\\Pipeline\\{closure}()
#7 /home/support-03/Dev/wic-doctor/vendor/laravel/framework/src/Illuminate/Pipeline/Pipeline.php(183): App\\Http\\Middleware\\RestrictIp->handle()
#8 /home/support-03/Dev/wic-doctor/app/Http/Middleware/Permissions.php(50): Illuminate\\Pipeline\\Pipeline->Illuminate\\Pipeline\\{closure}()
#9 /home/support-03/Dev/wic-doctor/vendor/laravel/framework/src/Illuminate/Pipeline/Pipeline.php(183): App\\Http\\Middleware\\Permissions->handle()
#10 /home/support-03/Dev/wic-doctor/app/Http/Middleware/Locale.php(42): Illuminate\\Pipeline\\Pipeline->Illuminate\\Pipeline\\{closure}()
#11 /home/support-03/Dev/wic-doctor/vendor/laravel/framework/src/Illuminate/Pipeline/Pipeline.php(183): App\\Http\\Middleware\\Locale->handle()
#12 /home/support-03/Dev/wic-doctor/app/Http/Middleware/App.php(51): Illuminate\\Pipeline\\Pipeline->Illuminate\\Pipeline\\{closure}()
#13 /home/support-03/Dev/wic-doctor/vendor/laravel/framework/src/Illuminate/Pipeline/Pipeline.php(183): App\\Http\\Middleware\\App->handle()
#14 /home/support-03/Dev/wic-doctor/vendor/anlutro/l4-settings/src/SaveMiddleware.php(50): Illuminate\\Pipeline\\Pipeline->Illuminate\\Pipeline\\{closure}()
#15 /home/support-03/Dev/wic-doctor/vendor/laravel/framework/src/Illuminate/Pipeline/Pipeline.php(183): anlutro\\LaravelSettings\\SaveMiddleware->handle()
#16 /home/support-03/Dev/wic-doctor/vendor/laravel/framework/src/Illuminate/Routing/Middleware/SubstituteBindings.php(50): Illuminate\\Pipeline\\Pipeline->Illuminate\\Pipeline\\{closure}()
#17 /home/support-03/Dev/wic-doctor/vendor/laravel/framework/src/Illuminate/Pipeline/Pipeline.php(183): Illuminate\\Routing\\Middleware\\SubstituteBindings->handle()
#18 /home/support-03/Dev/wic-doctor/vendor/laravel/framework/src/Illuminate/Foundation/Http/Middleware/VerifyCsrfToken.php(78): Illuminate\\Pipeline\\Pipeline->Illuminate\\Pipeline\\{closure}()
#19 /home/support-03/Dev/wic-doctor/vendor/laravel/framework/src/Illuminate/Pipeline/Pipeline.php(183): Illuminate\\Foundation\\Http\\Middleware\\VerifyCsrfToken->handle()
#20 /home/support-03/Dev/wic-doctor/vendor/laravel/framework/src/Illuminate/Session/Middleware/AuthenticateSession.php(60): Illuminate\\Pipeline\\Pipeline->Illuminate\\Pipeline\\{closure}()
#21 /home/support-03/Dev/wic-doctor/vendor/laravel/framework/src/Illuminate/Pipeline/Pipeline.php(183): Illuminate\\Session\\Middleware\\AuthenticateSession->handle()
#22 /home/support-03/Dev/wic-doctor/vendor/laravel/framework/src/Illuminate/View/Middleware/ShareErrorsFromSession.php(49): Illuminate\\Pipeline\\Pipeline->Illuminate\\Pipeline\\{closure}()
#23 /home/support-03/Dev/wic-doctor/vendor/laravel/framework/src/Illuminate/Pipeline/Pipeline.php(183): Illuminate\\View\\Middleware\\ShareErrorsFromSession->handle()
#24 /home/support-03/Dev/wic-doctor/vendor/laravel/framework/src/Illuminate/Session/Middleware/StartSession.php(121): Illuminate\\Pipeline\\Pipeline->Illuminate\\Pipeline\\{closure}()
#25 /home/support-03/Dev/wic-doctor/vendor/laravel/framework/src/Illuminate/Session/Middleware/StartSession.php(64): Illuminate\\Session\\Middleware\\StartSession->handleStatefulRequest()
#26 /home/support-03/Dev/wic-doctor/vendor/laravel/framework/src/Illuminate/Pipeline/Pipeline.php(183): Illuminate\\Session\\Middleware\\StartSession->handle()
#27 /home/support-03/Dev/wic-doctor/app/Http/Middleware/Installed.php(37): Illuminate\\Pipeline\\Pipeline->Illuminate\\Pipeline\\{closure}()
#28 /home/support-03/Dev/wic-doctor/vendor/laravel/framework/src/Illuminate/Pipeline/Pipeline.php(183): App\\Http\\Middleware\\Installed->handle()
#29 /home/support-03/Dev/wic-doctor/vendor/laravel/framework/src/Illuminate/Cookie/Middleware/AddQueuedCookiesToResponse.php(37): Illuminate\\Pipeline\\Pipeline->Illuminate\\Pipeline\\{closure}()
#30 /home/support-03/Dev/wic-doctor/vendor/laravel/framework/src/Illuminate/Pipeline/Pipeline.php(183): Illuminate\\Cookie\\Middleware\\AddQueuedCookiesToResponse->handle()
#31 /home/support-03/Dev/wic-doctor/vendor/laravel/framework/src/Illuminate/Cookie/Middleware/EncryptCookies.php(67): Illuminate\\Pipeline\\Pipeline->Illuminate\\Pipeline\\{closure}()
#32 /home/support-03/Dev/wic-doctor/vendor/laravel/framework/src/Illuminate/Pipeline/Pipeline.php(183): Illuminate\\Cookie\\Middleware\\EncryptCookies->handle()
#33 /home/support-03/Dev/wic-doctor/vendor/laravel/framework/src/Illuminate/Pipeline/Pipeline.php(119): Illuminate\\Pipeline\\Pipeline->Illuminate\\Pipeline\\{closure}()
#34 /home/support-03/Dev/wic-doctor/vendor/laravel/framework/src/Illuminate/Routing/Router.php(805): Illuminate\\Pipeline\\Pipeline->then()
#35 /home/support-03/Dev/wic-doctor/vendor/laravel/framework/src/Illuminate/Routing/Router.php(784): Illuminate\\Routing\\Router->runRouteWithinStack()
#36 /home/support-03/Dev/wic-doctor/vendor/laravel/framework/src/Illuminate/Routing/Router.php(748): Illuminate\\Routing\\Router->runRoute()
#37 /home/support-03/Dev/wic-doctor/vendor/laravel/framework/src/Illuminate/Routing/Router.php(737): Illuminate\\Routing\\Router->dispatchToRoute()
#38 /home/support-03/Dev/wic-doctor/vendor/laravel/framework/src/Illuminate/Foundation/Http/Kernel.php(200): Illuminate\\Routing\\Router->dispatch()
#39 /home/support-03/Dev/wic-doctor/vendor/laravel/framework/src/Illuminate/Pipeline/Pipeline.php(144): Illuminate\\Foundation\\Http\\Kernel->Illuminate\\Foundation\\Http\\{closure}()
#40 /home/support-03/Dev/wic-doctor/vendor/laravel/framework/src/Illuminate/Foundation/Http/Middleware/TransformsRequest.php(21): Illuminate\\Pipeline\\Pipeline->Illuminate\\Pipeline\\{closure}()
#41 /home/support-03/Dev/wic-doctor/vendor/laravel/framework/src/Illuminate/Foundation/Http/Middleware/ConvertEmptyStringsToNull.php(31): Illuminate\\Foundation\\Http\\Middleware\\TransformsRequest->handle()
#42 /home/support-03/Dev/wic-doctor/vendor/laravel/framework/src/Illuminate/Pipeline/Pipeline.php(183): Illuminate\\Foundation\\Http\\Middleware\\ConvertEmptyStringsToNull->handle()
#43 /home/support-03/Dev/wic-doctor/vendor/laravel/framework/src/Illuminate/Foundation/Http/Middleware/TransformsRequest.php(21): Illuminate\\Pipeline\\Pipeline->Illuminate\\Pipeline\\{closure}()
#44 /home/support-03/Dev/wic-doctor/vendor/laravel/framework/src/Illuminate/Foundation/Http/Middleware/TrimStrings.php(40): Illuminate\\Foundation\\Http\\Middleware\\TransformsRequest->handle()
#45 /home/support-03/Dev/wic-doctor/vendor/laravel/framework/src/Illuminate/Pipeline/Pipeline.php(183): Illuminate\\Foundation\\Http\\Middleware\\TrimStrings->handle()
#46 /home/support-03/Dev/wic-doctor/vendor/laravel/framework/src/Illuminate/Foundation/Http/Middleware/ValidatePostSize.php(27): Illuminate\\Pipeline\\Pipeline->Illuminate\\Pipeline\\{closure}()
#47 /home/support-03/Dev/wic-doctor/vendor/laravel/framework/src/Illuminate/Pipeline/Pipeline.php(183): Illuminate\\Foundation\\Http\\Middleware\\ValidatePostSize->handle()
#48 /home/support-03/Dev/wic-doctor/vendor/laravel/framework/src/Illuminate/Foundation/Http/Middleware/PreventRequestsDuringMaintenance.php(99): Illuminate\\Pipeline\\Pipeline->Illuminate\\Pipeline\\{closure}()
#49 /home/support-03/Dev/wic-doctor/vendor/laravel/framework/src/Illuminate/Pipeline/Pipeline.php(183): Illuminate\\Foundation\\Http\\Middleware\\PreventRequestsDuringMaintenance->handle()
#50 /home/support-03/Dev/wic-doctor/vendor/laravel/framework/src/Illuminate/Http/Middleware/TrustProxies.php(39): Illuminate\\Pipeline\\Pipeline->Illuminate\\Pipeline\\{closure}()
#51 /home/support-03/Dev/wic-doctor/vendor/laravel/framework/src/Illuminate/Pipeline/Pipeline.php(183): Illuminate\\Http\\Middleware\\TrustProxies->handle()
#52 /home/support-03/Dev/wic-doctor/vendor/laravel/framework/src/Illuminate/Pipeline/Pipeline.php(119): Illuminate\\Pipeline\\Pipeline->Illuminate\\Pipeline\\{closure}()
#53 /home/support-03/Dev/wic-doctor/vendor/laravel/framework/src/Illuminate/Foundation/Http/Kernel.php(175): Illuminate\\Pipeline\\Pipeline->then()
#54 /home/support-03/Dev/wic-doctor/vendor/laravel/framework/src/Illuminate/Foundation/Http/Kernel.php(144): Illuminate\\Foundation\\Http\\Kernel->sendRequestThroughRouter()
#55 /home/support-03/Dev/wic-doctor/public/index.php(54): Illuminate\\Foundation\\Http\\Kernel->handle()
#56 /home/support-03/Dev/wic-doctor/server.php(21): require_once('...')
#57 {main}
"} 
[2025-01-24 16:46:38] local.INFO: Checking permission in context {"user_id":121,"permission_name":"patterns.index","doctor_id":134} 
[2025-01-24 16:46:38] local.INFO: Permission granted for doctor role {"user_id":121,"doctor_id":134} 
[2025-01-24 16:46:38] local.INFO: Checking permission in context {"user_id":121,"permission_name":"patterns.create","doctor_id":134} 
[2025-01-24 16:46:38] local.INFO: Permission granted for doctor role {"user_id":121,"doctor_id":134} 
[2025-01-24 16:46:39] local.INFO: Checking permission in context {"user_id":121,"permission_name":"patterns.index","doctor_id":134} 
[2025-01-24 16:46:39] local.INFO: Permission granted for doctor role {"user_id":121,"doctor_id":134} 
[2025-01-24 16:46:39] local.INFO: Checking permission in context {"user_id":121,"permission_name":"patterns.create","doctor_id":134} 
[2025-01-24 16:46:39] local.INFO: Permission granted for doctor role {"user_id":121,"doctor_id":134} 
[2025-01-24 16:46:40] local.INFO: Checking permission in context {"user_id":121,"permission_name":"patterns.index","doctor_id":134} 
[2025-01-24 16:46:40] local.INFO: Permission granted for doctor role {"user_id":121,"doctor_id":134} 
[2025-01-24 16:46:40] local.INFO: Checking permission in context {"user_id":121,"permission_name":"patterns.create","doctor_id":134} 
[2025-01-24 16:46:40] local.INFO: Permission granted for doctor role {"user_id":121,"doctor_id":134} 
[2025-01-24 16:46:40] local.INFO: Checking permission in context {"user_id":121,"permission_name":"patterns.index","doctor_id":134} 
[2025-01-24 16:46:40] local.INFO: Permission granted for doctor role {"user_id":121,"doctor_id":134} 
[2025-01-24 16:46:40] local.INFO: Checking permission in context {"user_id":121,"permission_name":"patterns.create","doctor_id":134} 
[2025-01-24 16:46:40] local.INFO: Permission granted for doctor role {"user_id":121,"doctor_id":134} 
[2025-01-24 16:46:41] local.INFO: Checking permission in context {"user_id":121,"permission_name":"patterns.index","doctor_id":134} 
[2025-01-24 16:46:41] local.INFO: Permission granted for doctor role {"user_id":121,"doctor_id":134} 
[2025-01-24 16:46:41] local.INFO: Checking permission in context {"user_id":121,"permission_name":"patterns.create","doctor_id":134} 
[2025-01-24 16:46:41] local.INFO: Permission granted for doctor role {"user_id":121,"doctor_id":134} 
[2025-01-24 16:46:42] local.INFO: Checking permission in context {"user_id":121,"permission_name":"patterns.index","doctor_id":134} 
[2025-01-24 16:46:42] local.INFO: Permission granted for doctor role {"user_id":121,"doctor_id":134} 
[2025-01-24 16:46:42] local.INFO: Checking permission in context {"user_id":121,"permission_name":"patterns.create","doctor_id":134} 
[2025-01-24 16:46:42] local.INFO: Permission granted for doctor role {"user_id":121,"doctor_id":134} 
[2025-01-24 16:46:56] local.ERROR: Class name must be a valid object or a string {"userId":121,"exception":"[object] (Error(code: 0): Class name must be a valid object or a string at /home/support-03/Dev/wic-doctor/app/Http/Controllers/DoctorPermissionController.php:58)
[stacktrace]
#0 /home/support-03/Dev/wic-doctor/vendor/laravel/framework/src/Illuminate/Routing/Controller.php(54): App\\Http\\Controllers\\DoctorPermissionController->fetchUserRoles()
#1 /home/support-03/Dev/wic-doctor/vendor/laravel/framework/src/Illuminate/Routing/ControllerDispatcher.php(43): Illuminate\\Routing\\Controller->callAction()
#2 /home/support-03/Dev/wic-doctor/vendor/laravel/framework/src/Illuminate/Routing/Route.php(259): Illuminate\\Routing\\ControllerDispatcher->dispatch()
#3 /home/support-03/Dev/wic-doctor/vendor/laravel/framework/src/Illuminate/Routing/Route.php(205): Illuminate\\Routing\\Route->runController()
#4 /home/support-03/Dev/wic-doctor/vendor/laravel/framework/src/Illuminate/Routing/Router.php(806): Illuminate\\Routing\\Route->run()
#5 /home/support-03/Dev/wic-doctor/vendor/laravel/framework/src/Illuminate/Pipeline/Pipeline.php(144): Illuminate\\Routing\\Router->Illuminate\\Routing\\{closure}()
#6 /home/support-03/Dev/wic-doctor/app/Http/Middleware/RestrictIp.php(32): Illuminate\\Pipeline\\Pipeline->Illuminate\\Pipeline\\{closure}()
#7 /home/support-03/Dev/wic-doctor/vendor/laravel/framework/src/Illuminate/Pipeline/Pipeline.php(183): App\\Http\\Middleware\\RestrictIp->handle()
#8 /home/support-03/Dev/wic-doctor/app/Http/Middleware/Permissions.php(50): Illuminate\\Pipeline\\Pipeline->Illuminate\\Pipeline\\{closure}()
#9 /home/support-03/Dev/wic-doctor/vendor/laravel/framework/src/Illuminate/Pipeline/Pipeline.php(183): App\\Http\\Middleware\\Permissions->handle()
#10 /home/support-03/Dev/wic-doctor/app/Http/Middleware/Locale.php(42): Illuminate\\Pipeline\\Pipeline->Illuminate\\Pipeline\\{closure}()
#11 /home/support-03/Dev/wic-doctor/vendor/laravel/framework/src/Illuminate/Pipeline/Pipeline.php(183): App\\Http\\Middleware\\Locale->handle()
#12 /home/support-03/Dev/wic-doctor/app/Http/Middleware/App.php(51): Illuminate\\Pipeline\\Pipeline->Illuminate\\Pipeline\\{closure}()
#13 /home/support-03/Dev/wic-doctor/vendor/laravel/framework/src/Illuminate/Pipeline/Pipeline.php(183): App\\Http\\Middleware\\App->handle()
#14 /home/support-03/Dev/wic-doctor/vendor/anlutro/l4-settings/src/SaveMiddleware.php(50): Illuminate\\Pipeline\\Pipeline->Illuminate\\Pipeline\\{closure}()
#15 /home/support-03/Dev/wic-doctor/vendor/laravel/framework/src/Illuminate/Pipeline/Pipeline.php(183): anlutro\\LaravelSettings\\SaveMiddleware->handle()
#16 /home/support-03/Dev/wic-doctor/vendor/laravel/framework/src/Illuminate/Routing/Middleware/SubstituteBindings.php(50): Illuminate\\Pipeline\\Pipeline->Illuminate\\Pipeline\\{closure}()
#17 /home/support-03/Dev/wic-doctor/vendor/laravel/framework/src/Illuminate/Pipeline/Pipeline.php(183): Illuminate\\Routing\\Middleware\\SubstituteBindings->handle()
#18 /home/support-03/Dev/wic-doctor/vendor/laravel/framework/src/Illuminate/Foundation/Http/Middleware/VerifyCsrfToken.php(78): Illuminate\\Pipeline\\Pipeline->Illuminate\\Pipeline\\{closure}()
#19 /home/support-03/Dev/wic-doctor/vendor/laravel/framework/src/Illuminate/Pipeline/Pipeline.php(183): Illuminate\\Foundation\\Http\\Middleware\\VerifyCsrfToken->handle()
#20 /home/support-03/Dev/wic-doctor/vendor/laravel/framework/src/Illuminate/Session/Middleware/AuthenticateSession.php(60): Illuminate\\Pipeline\\Pipeline->Illuminate\\Pipeline\\{closure}()
#21 /home/support-03/Dev/wic-doctor/vendor/laravel/framework/src/Illuminate/Pipeline/Pipeline.php(183): Illuminate\\Session\\Middleware\\AuthenticateSession->handle()
#22 /home/support-03/Dev/wic-doctor/vendor/laravel/framework/src/Illuminate/View/Middleware/ShareErrorsFromSession.php(49): Illuminate\\Pipeline\\Pipeline->Illuminate\\Pipeline\\{closure}()
#23 /home/support-03/Dev/wic-doctor/vendor/laravel/framework/src/Illuminate/Pipeline/Pipeline.php(183): Illuminate\\View\\Middleware\\ShareErrorsFromSession->handle()
#24 /home/support-03/Dev/wic-doctor/vendor/laravel/framework/src/Illuminate/Session/Middleware/StartSession.php(121): Illuminate\\Pipeline\\Pipeline->Illuminate\\Pipeline\\{closure}()
#25 /home/support-03/Dev/wic-doctor/vendor/laravel/framework/src/Illuminate/Session/Middleware/StartSession.php(64): Illuminate\\Session\\Middleware\\StartSession->handleStatefulRequest()
#26 /home/support-03/Dev/wic-doctor/vendor/laravel/framework/src/Illuminate/Pipeline/Pipeline.php(183): Illuminate\\Session\\Middleware\\StartSession->handle()
#27 /home/support-03/Dev/wic-doctor/app/Http/Middleware/Installed.php(37): Illuminate\\Pipeline\\Pipeline->Illuminate\\Pipeline\\{closure}()
#28 /home/support-03/Dev/wic-doctor/vendor/laravel/framework/src/Illuminate/Pipeline/Pipeline.php(183): App\\Http\\Middleware\\Installed->handle()
#29 /home/support-03/Dev/wic-doctor/vendor/laravel/framework/src/Illuminate/Cookie/Middleware/AddQueuedCookiesToResponse.php(37): Illuminate\\Pipeline\\Pipeline->Illuminate\\Pipeline\\{closure}()
#30 /home/support-03/Dev/wic-doctor/vendor/laravel/framework/src/Illuminate/Pipeline/Pipeline.php(183): Illuminate\\Cookie\\Middleware\\AddQueuedCookiesToResponse->handle()
#31 /home/support-03/Dev/wic-doctor/vendor/laravel/framework/src/Illuminate/Cookie/Middleware/EncryptCookies.php(67): Illuminate\\Pipeline\\Pipeline->Illuminate\\Pipeline\\{closure}()
#32 /home/support-03/Dev/wic-doctor/vendor/laravel/framework/src/Illuminate/Pipeline/Pipeline.php(183): Illuminate\\Cookie\\Middleware\\EncryptCookies->handle()
#33 /home/support-03/Dev/wic-doctor/vendor/laravel/framework/src/Illuminate/Pipeline/Pipeline.php(119): Illuminate\\Pipeline\\Pipeline->Illuminate\\Pipeline\\{closure}()
#34 /home/support-03/Dev/wic-doctor/vendor/laravel/framework/src/Illuminate/Routing/Router.php(805): Illuminate\\Pipeline\\Pipeline->then()
#35 /home/support-03/Dev/wic-doctor/vendor/laravel/framework/src/Illuminate/Routing/Router.php(784): Illuminate\\Routing\\Router->runRouteWithinStack()
#36 /home/support-03/Dev/wic-doctor/vendor/laravel/framework/src/Illuminate/Routing/Router.php(748): Illuminate\\Routing\\Router->runRoute()
#37 /home/support-03/Dev/wic-doctor/vendor/laravel/framework/src/Illuminate/Routing/Router.php(737): Illuminate\\Routing\\Router->dispatchToRoute()
#38 /home/support-03/Dev/wic-doctor/vendor/laravel/framework/src/Illuminate/Foundation/Http/Kernel.php(200): Illuminate\\Routing\\Router->dispatch()
#39 /home/support-03/Dev/wic-doctor/vendor/laravel/framework/src/Illuminate/Pipeline/Pipeline.php(144): Illuminate\\Foundation\\Http\\Kernel->Illuminate\\Foundation\\Http\\{closure}()
#40 /home/support-03/Dev/wic-doctor/vendor/laravel/framework/src/Illuminate/Foundation/Http/Middleware/TransformsRequest.php(21): Illuminate\\Pipeline\\Pipeline->Illuminate\\Pipeline\\{closure}()
#41 /home/support-03/Dev/wic-doctor/vendor/laravel/framework/src/Illuminate/Foundation/Http/Middleware/ConvertEmptyStringsToNull.php(31): Illuminate\\Foundation\\Http\\Middleware\\TransformsRequest->handle()
#42 /home/support-03/Dev/wic-doctor/vendor/laravel/framework/src/Illuminate/Pipeline/Pipeline.php(183): Illuminate\\Foundation\\Http\\Middleware\\ConvertEmptyStringsToNull->handle()
#43 /home/support-03/Dev/wic-doctor/vendor/laravel/framework/src/Illuminate/Foundation/Http/Middleware/TransformsRequest.php(21): Illuminate\\Pipeline\\Pipeline->Illuminate\\Pipeline\\{closure}()
#44 /home/support-03/Dev/wic-doctor/vendor/laravel/framework/src/Illuminate/Foundation/Http/Middleware/TrimStrings.php(40): Illuminate\\Foundation\\Http\\Middleware\\TransformsRequest->handle()
#45 /home/support-03/Dev/wic-doctor/vendor/laravel/framework/src/Illuminate/Pipeline/Pipeline.php(183): Illuminate\\Foundation\\Http\\Middleware\\TrimStrings->handle()
#46 /home/support-03/Dev/wic-doctor/vendor/laravel/framework/src/Illuminate/Foundation/Http/Middleware/ValidatePostSize.php(27): Illuminate\\Pipeline\\Pipeline->Illuminate\\Pipeline\\{closure}()
#47 /home/support-03/Dev/wic-doctor/vendor/laravel/framework/src/Illuminate/Pipeline/Pipeline.php(183): Illuminate\\Foundation\\Http\\Middleware\\ValidatePostSize->handle()
#48 /home/support-03/Dev/wic-doctor/vendor/laravel/framework/src/Illuminate/Foundation/Http/Middleware/PreventRequestsDuringMaintenance.php(99): Illuminate\\Pipeline\\Pipeline->Illuminate\\Pipeline\\{closure}()
#49 /home/support-03/Dev/wic-doctor/vendor/laravel/framework/src/Illuminate/Pipeline/Pipeline.php(183): Illuminate\\Foundation\\Http\\Middleware\\PreventRequestsDuringMaintenance->handle()
#50 /home/support-03/Dev/wic-doctor/vendor/laravel/framework/src/Illuminate/Http/Middleware/TrustProxies.php(39): Illuminate\\Pipeline\\Pipeline->Illuminate\\Pipeline\\{closure}()
#51 /home/support-03/Dev/wic-doctor/vendor/laravel/framework/src/Illuminate/Pipeline/Pipeline.php(183): Illuminate\\Http\\Middleware\\TrustProxies->handle()
#52 /home/support-03/Dev/wic-doctor/vendor/laravel/framework/src/Illuminate/Pipeline/Pipeline.php(119): Illuminate\\Pipeline\\Pipeline->Illuminate\\Pipeline\\{closure}()
#53 /home/support-03/Dev/wic-doctor/vendor/laravel/framework/src/Illuminate/Foundation/Http/Kernel.php(175): Illuminate\\Pipeline\\Pipeline->then()
#54 /home/support-03/Dev/wic-doctor/vendor/laravel/framework/src/Illuminate/Foundation/Http/Kernel.php(144): Illuminate\\Foundation\\Http\\Kernel->sendRequestThroughRouter()
#55 /home/support-03/Dev/wic-doctor/public/index.php(54): Illuminate\\Foundation\\Http\\Kernel->handle()
#56 /home/support-03/Dev/wic-doctor/server.php(21): require_once('...')
#57 {main}
"} 
[2025-01-24 16:46:57] local.INFO: Checking permission in context {"user_id":121,"permission_name":"patterns.index","doctor_id":134} 
[2025-01-24 16:46:57] local.INFO: Permission granted for doctor role {"user_id":121,"doctor_id":134} 
[2025-01-24 16:46:57] local.INFO: Checking permission in context {"user_id":121,"permission_name":"patterns.create","doctor_id":134} 
[2025-01-24 16:46:57] local.INFO: Permission granted for doctor role {"user_id":121,"doctor_id":134} 
[2025-01-24 16:46:59] local.ERROR: Class name must be a valid object or a string {"userId":121,"exception":"[object] (Error(code: 0): Class name must be a valid object or a string at /home/support-03/Dev/wic-doctor/app/Http/Controllers/DoctorPermissionController.php:58)
[stacktrace]
#0 /home/support-03/Dev/wic-doctor/vendor/laravel/framework/src/Illuminate/Routing/Controller.php(54): App\\Http\\Controllers\\DoctorPermissionController->fetchUserRoles()
#1 /home/support-03/Dev/wic-doctor/vendor/laravel/framework/src/Illuminate/Routing/ControllerDispatcher.php(43): Illuminate\\Routing\\Controller->callAction()
#2 /home/support-03/Dev/wic-doctor/vendor/laravel/framework/src/Illuminate/Routing/Route.php(259): Illuminate\\Routing\\ControllerDispatcher->dispatch()
#3 /home/support-03/Dev/wic-doctor/vendor/laravel/framework/src/Illuminate/Routing/Route.php(205): Illuminate\\Routing\\Route->runController()
#4 /home/support-03/Dev/wic-doctor/vendor/laravel/framework/src/Illuminate/Routing/Router.php(806): Illuminate\\Routing\\Route->run()
#5 /home/support-03/Dev/wic-doctor/vendor/laravel/framework/src/Illuminate/Pipeline/Pipeline.php(144): Illuminate\\Routing\\Router->Illuminate\\Routing\\{closure}()
#6 /home/support-03/Dev/wic-doctor/app/Http/Middleware/RestrictIp.php(32): Illuminate\\Pipeline\\Pipeline->Illuminate\\Pipeline\\{closure}()
#7 /home/support-03/Dev/wic-doctor/vendor/laravel/framework/src/Illuminate/Pipeline/Pipeline.php(183): App\\Http\\Middleware\\RestrictIp->handle()
#8 /home/support-03/Dev/wic-doctor/app/Http/Middleware/Permissions.php(50): Illuminate\\Pipeline\\Pipeline->Illuminate\\Pipeline\\{closure}()
#9 /home/support-03/Dev/wic-doctor/vendor/laravel/framework/src/Illuminate/Pipeline/Pipeline.php(183): App\\Http\\Middleware\\Permissions->handle()
#10 /home/support-03/Dev/wic-doctor/app/Http/Middleware/Locale.php(42): Illuminate\\Pipeline\\Pipeline->Illuminate\\Pipeline\\{closure}()
#11 /home/support-03/Dev/wic-doctor/vendor/laravel/framework/src/Illuminate/Pipeline/Pipeline.php(183): App\\Http\\Middleware\\Locale->handle()
#12 /home/support-03/Dev/wic-doctor/app/Http/Middleware/App.php(51): Illuminate\\Pipeline\\Pipeline->Illuminate\\Pipeline\\{closure}()
#13 /home/support-03/Dev/wic-doctor/vendor/laravel/framework/src/Illuminate/Pipeline/Pipeline.php(183): App\\Http\\Middleware\\App->handle()
#14 /home/support-03/Dev/wic-doctor/vendor/anlutro/l4-settings/src/SaveMiddleware.php(50): Illuminate\\Pipeline\\Pipeline->Illuminate\\Pipeline\\{closure}()
#15 /home/support-03/Dev/wic-doctor/vendor/laravel/framework/src/Illuminate/Pipeline/Pipeline.php(183): anlutro\\LaravelSettings\\SaveMiddleware->handle()
#16 /home/support-03/Dev/wic-doctor/vendor/laravel/framework/src/Illuminate/Routing/Middleware/SubstituteBindings.php(50): Illuminate\\Pipeline\\Pipeline->Illuminate\\Pipeline\\{closure}()
#17 /home/support-03/Dev/wic-doctor/vendor/laravel/framework/src/Illuminate/Pipeline/Pipeline.php(183): Illuminate\\Routing\\Middleware\\SubstituteBindings->handle()
#18 /home/support-03/Dev/wic-doctor/vendor/laravel/framework/src/Illuminate/Foundation/Http/Middleware/VerifyCsrfToken.php(78): Illuminate\\Pipeline\\Pipeline->Illuminate\\Pipeline\\{closure}()
#19 /home/support-03/Dev/wic-doctor/vendor/laravel/framework/src/Illuminate/Pipeline/Pipeline.php(183): Illuminate\\Foundation\\Http\\Middleware\\VerifyCsrfToken->handle()
#20 /home/support-03/Dev/wic-doctor/vendor/laravel/framework/src/Illuminate/Session/Middleware/AuthenticateSession.php(60): Illuminate\\Pipeline\\Pipeline->Illuminate\\Pipeline\\{closure}()
#21 /home/support-03/Dev/wic-doctor/vendor/laravel/framework/src/Illuminate/Pipeline/Pipeline.php(183): Illuminate\\Session\\Middleware\\AuthenticateSession->handle()
#22 /home/support-03/Dev/wic-doctor/vendor/laravel/framework/src/Illuminate/View/Middleware/ShareErrorsFromSession.php(49): Illuminate\\Pipeline\\Pipeline->Illuminate\\Pipeline\\{closure}()
#23 /home/support-03/Dev/wic-doctor/vendor/laravel/framework/src/Illuminate/Pipeline/Pipeline.php(183): Illuminate\\View\\Middleware\\ShareErrorsFromSession->handle()
#24 /home/support-03/Dev/wic-doctor/vendor/laravel/framework/src/Illuminate/Session/Middleware/StartSession.php(121): Illuminate\\Pipeline\\Pipeline->Illuminate\\Pipeline\\{closure}()
#25 /home/support-03/Dev/wic-doctor/vendor/laravel/framework/src/Illuminate/Session/Middleware/StartSession.php(64): Illuminate\\Session\\Middleware\\StartSession->handleStatefulRequest()
#26 /home/support-03/Dev/wic-doctor/vendor/laravel/framework/src/Illuminate/Pipeline/Pipeline.php(183): Illuminate\\Session\\Middleware\\StartSession->handle()
#27 /home/support-03/Dev/wic-doctor/app/Http/Middleware/Installed.php(37): Illuminate\\Pipeline\\Pipeline->Illuminate\\Pipeline\\{closure}()
#28 /home/support-03/Dev/wic-doctor/vendor/laravel/framework/src/Illuminate/Pipeline/Pipeline.php(183): App\\Http\\Middleware\\Installed->handle()
#29 /home/support-03/Dev/wic-doctor/vendor/laravel/framework/src/Illuminate/Cookie/Middleware/AddQueuedCookiesToResponse.php(37): Illuminate\\Pipeline\\Pipeline->Illuminate\\Pipeline\\{closure}()
#30 /home/support-03/Dev/wic-doctor/vendor/laravel/framework/src/Illuminate/Pipeline/Pipeline.php(183): Illuminate\\Cookie\\Middleware\\AddQueuedCookiesToResponse->handle()
#31 /home/support-03/Dev/wic-doctor/vendor/laravel/framework/src/Illuminate/Cookie/Middleware/EncryptCookies.php(67): Illuminate\\Pipeline\\Pipeline->Illuminate\\Pipeline\\{closure}()
#32 /home/support-03/Dev/wic-doctor/vendor/laravel/framework/src/Illuminate/Pipeline/Pipeline.php(183): Illuminate\\Cookie\\Middleware\\EncryptCookies->handle()
#33 /home/support-03/Dev/wic-doctor/vendor/laravel/framework/src/Illuminate/Pipeline/Pipeline.php(119): Illuminate\\Pipeline\\Pipeline->Illuminate\\Pipeline\\{closure}()
#34 /home/support-03/Dev/wic-doctor/vendor/laravel/framework/src/Illuminate/Routing/Router.php(805): Illuminate\\Pipeline\\Pipeline->then()
#35 /home/support-03/Dev/wic-doctor/vendor/laravel/framework/src/Illuminate/Routing/Router.php(784): Illuminate\\Routing\\Router->runRouteWithinStack()
#36 /home/support-03/Dev/wic-doctor/vendor/laravel/framework/src/Illuminate/Routing/Router.php(748): Illuminate\\Routing\\Router->runRoute()
#37 /home/support-03/Dev/wic-doctor/vendor/laravel/framework/src/Illuminate/Routing/Router.php(737): Illuminate\\Routing\\Router->dispatchToRoute()
#38 /home/support-03/Dev/wic-doctor/vendor/laravel/framework/src/Illuminate/Foundation/Http/Kernel.php(200): Illuminate\\Routing\\Router->dispatch()
#39 /home/support-03/Dev/wic-doctor/vendor/laravel/framework/src/Illuminate/Pipeline/Pipeline.php(144): Illuminate\\Foundation\\Http\\Kernel->Illuminate\\Foundation\\Http\\{closure}()
#40 /home/support-03/Dev/wic-doctor/vendor/laravel/framework/src/Illuminate/Foundation/Http/Middleware/TransformsRequest.php(21): Illuminate\\Pipeline\\Pipeline->Illuminate\\Pipeline\\{closure}()
#41 /home/support-03/Dev/wic-doctor/vendor/laravel/framework/src/Illuminate/Foundation/Http/Middleware/ConvertEmptyStringsToNull.php(31): Illuminate\\Foundation\\Http\\Middleware\\TransformsRequest->handle()
#42 /home/support-03/Dev/wic-doctor/vendor/laravel/framework/src/Illuminate/Pipeline/Pipeline.php(183): Illuminate\\Foundation\\Http\\Middleware\\ConvertEmptyStringsToNull->handle()
#43 /home/support-03/Dev/wic-doctor/vendor/laravel/framework/src/Illuminate/Foundation/Http/Middleware/TransformsRequest.php(21): Illuminate\\Pipeline\\Pipeline->Illuminate\\Pipeline\\{closure}()
#44 /home/support-03/Dev/wic-doctor/vendor/laravel/framework/src/Illuminate/Foundation/Http/Middleware/TrimStrings.php(40): Illuminate\\Foundation\\Http\\Middleware\\TransformsRequest->handle()
#45 /home/support-03/Dev/wic-doctor/vendor/laravel/framework/src/Illuminate/Pipeline/Pipeline.php(183): Illuminate\\Foundation\\Http\\Middleware\\TrimStrings->handle()
#46 /home/support-03/Dev/wic-doctor/vendor/laravel/framework/src/Illuminate/Foundation/Http/Middleware/ValidatePostSize.php(27): Illuminate\\Pipeline\\Pipeline->Illuminate\\Pipeline\\{closure}()
#47 /home/support-03/Dev/wic-doctor/vendor/laravel/framework/src/Illuminate/Pipeline/Pipeline.php(183): Illuminate\\Foundation\\Http\\Middleware\\ValidatePostSize->handle()
#48 /home/support-03/Dev/wic-doctor/vendor/laravel/framework/src/Illuminate/Foundation/Http/Middleware/PreventRequestsDuringMaintenance.php(99): Illuminate\\Pipeline\\Pipeline->Illuminate\\Pipeline\\{closure}()
#49 /home/support-03/Dev/wic-doctor/vendor/laravel/framework/src/Illuminate/Pipeline/Pipeline.php(183): Illuminate\\Foundation\\Http\\Middleware\\PreventRequestsDuringMaintenance->handle()
#50 /home/support-03/Dev/wic-doctor/vendor/laravel/framework/src/Illuminate/Http/Middleware/TrustProxies.php(39): Illuminate\\Pipeline\\Pipeline->Illuminate\\Pipeline\\{closure}()
#51 /home/support-03/Dev/wic-doctor/vendor/laravel/framework/src/Illuminate/Pipeline/Pipeline.php(183): Illuminate\\Http\\Middleware\\TrustProxies->handle()
#52 /home/support-03/Dev/wic-doctor/vendor/laravel/framework/src/Illuminate/Pipeline/Pipeline.php(119): Illuminate\\Pipeline\\Pipeline->Illuminate\\Pipeline\\{closure}()
#53 /home/support-03/Dev/wic-doctor/vendor/laravel/framework/src/Illuminate/Foundation/Http/Kernel.php(175): Illuminate\\Pipeline\\Pipeline->then()
#54 /home/support-03/Dev/wic-doctor/vendor/laravel/framework/src/Illuminate/Foundation/Http/Kernel.php(144): Illuminate\\Foundation\\Http\\Kernel->sendRequestThroughRouter()
#55 /home/support-03/Dev/wic-doctor/public/index.php(54): Illuminate\\Foundation\\Http\\Kernel->handle()
#56 /home/support-03/Dev/wic-doctor/server.php(21): require_once('...')
#57 {main}
"} 
[2025-01-24 16:47:00] local.ERROR: Class name must be a valid object or a string {"userId":121,"exception":"[object] (Error(code: 0): Class name must be a valid object or a string at /home/support-03/Dev/wic-doctor/app/Http/Controllers/DoctorPermissionController.php:58)
[stacktrace]
#0 /home/support-03/Dev/wic-doctor/vendor/laravel/framework/src/Illuminate/Routing/Controller.php(54): App\\Http\\Controllers\\DoctorPermissionController->fetchUserRoles()
#1 /home/support-03/Dev/wic-doctor/vendor/laravel/framework/src/Illuminate/Routing/ControllerDispatcher.php(43): Illuminate\\Routing\\Controller->callAction()
#2 /home/support-03/Dev/wic-doctor/vendor/laravel/framework/src/Illuminate/Routing/Route.php(259): Illuminate\\Routing\\ControllerDispatcher->dispatch()
#3 /home/support-03/Dev/wic-doctor/vendor/laravel/framework/src/Illuminate/Routing/Route.php(205): Illuminate\\Routing\\Route->runController()
#4 /home/support-03/Dev/wic-doctor/vendor/laravel/framework/src/Illuminate/Routing/Router.php(806): Illuminate\\Routing\\Route->run()
#5 /home/support-03/Dev/wic-doctor/vendor/laravel/framework/src/Illuminate/Pipeline/Pipeline.php(144): Illuminate\\Routing\\Router->Illuminate\\Routing\\{closure}()
#6 /home/support-03/Dev/wic-doctor/app/Http/Middleware/RestrictIp.php(32): Illuminate\\Pipeline\\Pipeline->Illuminate\\Pipeline\\{closure}()
#7 /home/support-03/Dev/wic-doctor/vendor/laravel/framework/src/Illuminate/Pipeline/Pipeline.php(183): App\\Http\\Middleware\\RestrictIp->handle()
#8 /home/support-03/Dev/wic-doctor/app/Http/Middleware/Permissions.php(50): Illuminate\\Pipeline\\Pipeline->Illuminate\\Pipeline\\{closure}()
#9 /home/support-03/Dev/wic-doctor/vendor/laravel/framework/src/Illuminate/Pipeline/Pipeline.php(183): App\\Http\\Middleware\\Permissions->handle()
#10 /home/support-03/Dev/wic-doctor/app/Http/Middleware/Locale.php(42): Illuminate\\Pipeline\\Pipeline->Illuminate\\Pipeline\\{closure}()
#11 /home/support-03/Dev/wic-doctor/vendor/laravel/framework/src/Illuminate/Pipeline/Pipeline.php(183): App\\Http\\Middleware\\Locale->handle()
#12 /home/support-03/Dev/wic-doctor/app/Http/Middleware/App.php(51): Illuminate\\Pipeline\\Pipeline->Illuminate\\Pipeline\\{closure}()
#13 /home/support-03/Dev/wic-doctor/vendor/laravel/framework/src/Illuminate/Pipeline/Pipeline.php(183): App\\Http\\Middleware\\App->handle()
#14 /home/support-03/Dev/wic-doctor/vendor/anlutro/l4-settings/src/SaveMiddleware.php(50): Illuminate\\Pipeline\\Pipeline->Illuminate\\Pipeline\\{closure}()
#15 /home/support-03/Dev/wic-doctor/vendor/laravel/framework/src/Illuminate/Pipeline/Pipeline.php(183): anlutro\\LaravelSettings\\SaveMiddleware->handle()
#16 /home/support-03/Dev/wic-doctor/vendor/laravel/framework/src/Illuminate/Routing/Middleware/SubstituteBindings.php(50): Illuminate\\Pipeline\\Pipeline->Illuminate\\Pipeline\\{closure}()
#17 /home/support-03/Dev/wic-doctor/vendor/laravel/framework/src/Illuminate/Pipeline/Pipeline.php(183): Illuminate\\Routing\\Middleware\\SubstituteBindings->handle()
#18 /home/support-03/Dev/wic-doctor/vendor/laravel/framework/src/Illuminate/Foundation/Http/Middleware/VerifyCsrfToken.php(78): Illuminate\\Pipeline\\Pipeline->Illuminate\\Pipeline\\{closure}()
#19 /home/support-03/Dev/wic-doctor/vendor/laravel/framework/src/Illuminate/Pipeline/Pipeline.php(183): Illuminate\\Foundation\\Http\\Middleware\\VerifyCsrfToken->handle()
#20 /home/support-03/Dev/wic-doctor/vendor/laravel/framework/src/Illuminate/Session/Middleware/AuthenticateSession.php(60): Illuminate\\Pipeline\\Pipeline->Illuminate\\Pipeline\\{closure}()
#21 /home/support-03/Dev/wic-doctor/vendor/laravel/framework/src/Illuminate/Pipeline/Pipeline.php(183): Illuminate\\Session\\Middleware\\AuthenticateSession->handle()
#22 /home/support-03/Dev/wic-doctor/vendor/laravel/framework/src/Illuminate/View/Middleware/ShareErrorsFromSession.php(49): Illuminate\\Pipeline\\Pipeline->Illuminate\\Pipeline\\{closure}()
#23 /home/support-03/Dev/wic-doctor/vendor/laravel/framework/src/Illuminate/Pipeline/Pipeline.php(183): Illuminate\\View\\Middleware\\ShareErrorsFromSession->handle()
#24 /home/support-03/Dev/wic-doctor/vendor/laravel/framework/src/Illuminate/Session/Middleware/StartSession.php(121): Illuminate\\Pipeline\\Pipeline->Illuminate\\Pipeline\\{closure}()
#25 /home/support-03/Dev/wic-doctor/vendor/laravel/framework/src/Illuminate/Session/Middleware/StartSession.php(64): Illuminate\\Session\\Middleware\\StartSession->handleStatefulRequest()
#26 /home/support-03/Dev/wic-doctor/vendor/laravel/framework/src/Illuminate/Pipeline/Pipeline.php(183): Illuminate\\Session\\Middleware\\StartSession->handle()
#27 /home/support-03/Dev/wic-doctor/app/Http/Middleware/Installed.php(37): Illuminate\\Pipeline\\Pipeline->Illuminate\\Pipeline\\{closure}()
#28 /home/support-03/Dev/wic-doctor/vendor/laravel/framework/src/Illuminate/Pipeline/Pipeline.php(183): App\\Http\\Middleware\\Installed->handle()
#29 /home/support-03/Dev/wic-doctor/vendor/laravel/framework/src/Illuminate/Cookie/Middleware/AddQueuedCookiesToResponse.php(37): Illuminate\\Pipeline\\Pipeline->Illuminate\\Pipeline\\{closure}()
#30 /home/support-03/Dev/wic-doctor/vendor/laravel/framework/src/Illuminate/Pipeline/Pipeline.php(183): Illuminate\\Cookie\\Middleware\\AddQueuedCookiesToResponse->handle()
#31 /home/support-03/Dev/wic-doctor/vendor/laravel/framework/src/Illuminate/Cookie/Middleware/EncryptCookies.php(67): Illuminate\\Pipeline\\Pipeline->Illuminate\\Pipeline\\{closure}()
#32 /home/support-03/Dev/wic-doctor/vendor/laravel/framework/src/Illuminate/Pipeline/Pipeline.php(183): Illuminate\\Cookie\\Middleware\\EncryptCookies->handle()
#33 /home/support-03/Dev/wic-doctor/vendor/laravel/framework/src/Illuminate/Pipeline/Pipeline.php(119): Illuminate\\Pipeline\\Pipeline->Illuminate\\Pipeline\\{closure}()
#34 /home/support-03/Dev/wic-doctor/vendor/laravel/framework/src/Illuminate/Routing/Router.php(805): Illuminate\\Pipeline\\Pipeline->then()
#35 /home/support-03/Dev/wic-doctor/vendor/laravel/framework/src/Illuminate/Routing/Router.php(784): Illuminate\\Routing\\Router->runRouteWithinStack()
#36 /home/support-03/Dev/wic-doctor/vendor/laravel/framework/src/Illuminate/Routing/Router.php(748): Illuminate\\Routing\\Router->runRoute()
#37 /home/support-03/Dev/wic-doctor/vendor/laravel/framework/src/Illuminate/Routing/Router.php(737): Illuminate\\Routing\\Router->dispatchToRoute()
#38 /home/support-03/Dev/wic-doctor/vendor/laravel/framework/src/Illuminate/Foundation/Http/Kernel.php(200): Illuminate\\Routing\\Router->dispatch()
#39 /home/support-03/Dev/wic-doctor/vendor/laravel/framework/src/Illuminate/Pipeline/Pipeline.php(144): Illuminate\\Foundation\\Http\\Kernel->Illuminate\\Foundation\\Http\\{closure}()
#40 /home/support-03/Dev/wic-doctor/vendor/laravel/framework/src/Illuminate/Foundation/Http/Middleware/TransformsRequest.php(21): Illuminate\\Pipeline\\Pipeline->Illuminate\\Pipeline\\{closure}()
#41 /home/support-03/Dev/wic-doctor/vendor/laravel/framework/src/Illuminate/Foundation/Http/Middleware/ConvertEmptyStringsToNull.php(31): Illuminate\\Foundation\\Http\\Middleware\\TransformsRequest->handle()
#42 /home/support-03/Dev/wic-doctor/vendor/laravel/framework/src/Illuminate/Pipeline/Pipeline.php(183): Illuminate\\Foundation\\Http\\Middleware\\ConvertEmptyStringsToNull->handle()
#43 /home/support-03/Dev/wic-doctor/vendor/laravel/framework/src/Illuminate/Foundation/Http/Middleware/TransformsRequest.php(21): Illuminate\\Pipeline\\Pipeline->Illuminate\\Pipeline\\{closure}()
#44 /home/support-03/Dev/wic-doctor/vendor/laravel/framework/src/Illuminate/Foundation/Http/Middleware/TrimStrings.php(40): Illuminate\\Foundation\\Http\\Middleware\\TransformsRequest->handle()
#45 /home/support-03/Dev/wic-doctor/vendor/laravel/framework/src/Illuminate/Pipeline/Pipeline.php(183): Illuminate\\Foundation\\Http\\Middleware\\TrimStrings->handle()
#46 /home/support-03/Dev/wic-doctor/vendor/laravel/framework/src/Illuminate/Foundation/Http/Middleware/ValidatePostSize.php(27): Illuminate\\Pipeline\\Pipeline->Illuminate\\Pipeline\\{closure}()
#47 /home/support-03/Dev/wic-doctor/vendor/laravel/framework/src/Illuminate/Pipeline/Pipeline.php(183): Illuminate\\Foundation\\Http\\Middleware\\ValidatePostSize->handle()
#48 /home/support-03/Dev/wic-doctor/vendor/laravel/framework/src/Illuminate/Foundation/Http/Middleware/PreventRequestsDuringMaintenance.php(99): Illuminate\\Pipeline\\Pipeline->Illuminate\\Pipeline\\{closure}()
#49 /home/support-03/Dev/wic-doctor/vendor/laravel/framework/src/Illuminate/Pipeline/Pipeline.php(183): Illuminate\\Foundation\\Http\\Middleware\\PreventRequestsDuringMaintenance->handle()
#50 /home/support-03/Dev/wic-doctor/vendor/laravel/framework/src/Illuminate/Http/Middleware/TrustProxies.php(39): Illuminate\\Pipeline\\Pipeline->Illuminate\\Pipeline\\{closure}()
#51 /home/support-03/Dev/wic-doctor/vendor/laravel/framework/src/Illuminate/Pipeline/Pipeline.php(183): Illuminate\\Http\\Middleware\\TrustProxies->handle()
#52 /home/support-03/Dev/wic-doctor/vendor/laravel/framework/src/Illuminate/Pipeline/Pipeline.php(119): Illuminate\\Pipeline\\Pipeline->Illuminate\\Pipeline\\{closure}()
#53 /home/support-03/Dev/wic-doctor/vendor/laravel/framework/src/Illuminate/Foundation/Http/Kernel.php(175): Illuminate\\Pipeline\\Pipeline->then()
#54 /home/support-03/Dev/wic-doctor/vendor/laravel/framework/src/Illuminate/Foundation/Http/Kernel.php(144): Illuminate\\Foundation\\Http\\Kernel->sendRequestThroughRouter()
#55 /home/support-03/Dev/wic-doctor/public/index.php(54): Illuminate\\Foundation\\Http\\Kernel->handle()
#56 /home/support-03/Dev/wic-doctor/server.php(21): require_once('...')
#57 {main}
"} 
[2025-01-24 16:47:11] local.INFO: Checking permission in context {"user_id":121,"permission_name":"patterns.index","doctor_id":134} 
[2025-01-24 16:47:11] local.INFO: Permission granted for doctor role {"user_id":121,"doctor_id":134} 
[2025-01-24 16:47:11] local.INFO: Checking permission in context {"user_id":121,"permission_name":"patterns.create","doctor_id":134} 
[2025-01-24 16:47:11] local.INFO: Permission granted for doctor role {"user_id":121,"doctor_id":134} 
[2025-01-24 16:47:20] local.INFO: Checking permission in context {"user_id":121,"permission_name":"patterns.index","doctor_id":134} 
[2025-01-24 16:47:20] local.INFO: Permission granted for doctor role {"user_id":121,"doctor_id":134} 
[2025-01-24 16:47:20] local.INFO: Checking permission in context {"user_id":121,"permission_name":"patterns.create","doctor_id":134} 
[2025-01-24 16:47:20] local.INFO: Permission granted for doctor role {"user_id":121,"doctor_id":134} 
[2025-01-24 16:47:22] local.INFO: Checking permission in context {"user_id":121,"permission_name":"patterns.index","doctor_id":134} 
[2025-01-24 16:47:22] local.INFO: Permission granted for doctor role {"user_id":121,"doctor_id":134} 
[2025-01-24 16:47:22] local.INFO: Checking permission in context {"user_id":121,"permission_name":"patterns.create","doctor_id":134} 
[2025-01-24 16:47:22] local.INFO: Permission granted for doctor role {"user_id":121,"doctor_id":134} 
[2025-01-24 16:47:23] local.INFO: Checking permission in context {"user_id":121,"permission_name":"patterns.index","doctor_id":134} 
[2025-01-24 16:47:23] local.INFO: Permission granted for doctor role {"user_id":121,"doctor_id":134} 
[2025-01-24 16:47:23] local.INFO: Checking permission in context {"user_id":121,"permission_name":"patterns.create","doctor_id":134} 
[2025-01-24 16:47:23] local.INFO: Permission granted for doctor role {"user_id":121,"doctor_id":134} 
[2025-01-24 16:47:32] local.INFO: Checking permission in context {"user_id":121,"permission_name":"patterns.index","doctor_id":134} 
[2025-01-24 16:47:32] local.INFO: Permission granted for doctor role {"user_id":121,"doctor_id":134} 
[2025-01-24 16:47:32] local.INFO: Checking permission in context {"user_id":121,"permission_name":"patterns.create","doctor_id":134} 
[2025-01-24 16:47:32] local.INFO: Permission granted for doctor role {"user_id":121,"doctor_id":134} 
[2025-01-24 16:56:10] local.INFO: Checking permission in context {"user_id":121,"permission_name":"patterns.index","doctor_id":134} 
[2025-01-24 16:56:10] local.INFO: Permission granted for doctor role {"user_id":121,"doctor_id":134} 
[2025-01-24 16:56:10] local.INFO: Checking permission in context {"user_id":121,"permission_name":"patterns.create","doctor_id":134} 
[2025-01-24 16:56:10] local.INFO: Permission granted for doctor role {"user_id":121,"doctor_id":134} 
[2025-01-24 16:56:15] local.INFO: Checking permission in context {"user_id":121,"permission_name":"patterns.index","doctor_id":134} 
[2025-01-24 16:56:15] local.INFO: Permission granted for doctor role {"user_id":121,"doctor_id":134} 
[2025-01-24 16:56:15] local.INFO: Checking permission in context {"user_id":121,"permission_name":"patterns.create","doctor_id":134} 
[2025-01-24 16:56:15] local.INFO: Permission granted for doctor role {"user_id":121,"doctor_id":134} 
[2025-01-24 16:56:17] local.INFO: Checking permission in context {"user_id":121,"permission_name":"patterns.index","doctor_id":134} 
[2025-01-24 16:56:17] local.INFO: Permission granted for doctor role {"user_id":121,"doctor_id":134} 
[2025-01-24 16:56:17] local.INFO: Checking permission in context {"user_id":121,"permission_name":"patterns.create","doctor_id":134} 
[2025-01-24 16:56:17] local.INFO: Permission granted for doctor role {"user_id":121,"doctor_id":134} 
[2025-01-24 16:56:18] local.INFO: Checking permission in context {"user_id":121,"permission_name":"patterns.index","doctor_id":134} 
[2025-01-24 16:56:18] local.INFO: Permission granted for doctor role {"user_id":121,"doctor_id":134} 
[2025-01-24 16:56:18] local.INFO: Checking permission in context {"user_id":121,"permission_name":"patterns.create","doctor_id":134} 
[2025-01-24 16:56:18] local.INFO: Permission granted for doctor role {"user_id":121,"doctor_id":134} 
[2025-01-24 16:56:20] local.INFO: Checking permission in context {"user_id":121,"permission_name":"patterns.index","doctor_id":134} 
[2025-01-24 16:56:20] local.INFO: Permission granted for doctor role {"user_id":121,"doctor_id":134} 
[2025-01-24 16:56:20] local.INFO: Checking permission in context {"user_id":121,"permission_name":"patterns.create","doctor_id":134} 
[2025-01-24 16:56:20] local.INFO: Permission granted for doctor role {"user_id":121,"doctor_id":134} 
[2025-01-24 16:56:24] local.INFO: Checking permission in context {"user_id":121,"permission_name":"patterns.index","doctor_id":134} 
[2025-01-24 16:56:24] local.INFO: Permission granted for doctor role {"user_id":121,"doctor_id":134} 
[2025-01-24 16:56:24] local.INFO: Checking permission in context {"user_id":121,"permission_name":"patterns.create","doctor_id":134} 
[2025-01-24 16:56:24] local.INFO: Permission granted for doctor role {"user_id":121,"doctor_id":134} 
[2025-01-24 16:56:44] local.INFO: Checking permission in context {"user_id":121,"permission_name":"patterns.index","doctor_id":134} 
[2025-01-24 16:56:44] local.INFO: Permission granted for doctor role {"user_id":121,"doctor_id":134} 
[2025-01-24 16:56:44] local.INFO: Checking permission in context {"user_id":121,"permission_name":"patterns.create","doctor_id":134} 
[2025-01-24 16:56:44] local.INFO: Permission granted for doctor role {"user_id":121,"doctor_id":134} 
[2025-01-24 16:56:50] local.INFO: Checking permission in context {"user_id":121,"permission_name":"patterns.index","doctor_id":134} 
[2025-01-24 16:56:50] local.INFO: Permission granted for doctor role {"user_id":121,"doctor_id":134} 
[2025-01-24 16:56:50] local.INFO: Checking permission in context {"user_id":121,"permission_name":"patterns.create","doctor_id":134} 
[2025-01-24 16:56:50] local.INFO: Permission granted for doctor role {"user_id":121,"doctor_id":134} 
